date,time_cdt,measurementtype,benzene_ppb,toluene_ppb,ethylbenzene_ppb,xylenes_ppb,winddirn,windspeed,mean_latitude,mean_longitude,latitude_track,longitude_track
9/4/2017,8:23:52 AM,mobile,1.092440149,2.372292164,0.987948573,4.422004521,23,2,29.7220175,-95.2788753,29.7125183|29.7126728|29.7130150|29.7134760|29.7139638|29.7144740|29.7149552|29.7154103|29.7159067|29.7164758|29.7170760|29.7176872|29.7184060|29.7190457|29.7197460|29.7205308|29.7213310|29.7221117|29.7229075|29.7236922|29.7244560|29.7251815|29.7259453|29.7269092|29.7276393|29.7282670|29.7286445|29.7287637|29.7287677|29.7287865|29.7287833|29.7288148|29.7289625|29.7291330|29.7291152|29.7290602|,-95.2780933|-95.2781035|-95.2781092|-95.2781195|-95.2781318|-95.2781558|-95.2781685|-95.2781703|-95.2781813|-95.2782063|-95.2782457|-95.2782665|-95.2782922|-95.2783395|-95.2783560|-95.2783828|-95.2784028|-95.2783875|-95.2783767|-95.2783922|-95.2784170|-95.2784175|-95.2784768|-95.2785893|-95.2788878|-95.2793682|-95.2797943|-95.2799540|-95.2799625|-95.2799812|-95.2799875|-95.2800430|-95.2803242|-95.2806982|-95.2808520|-95.2808752|
9/4/2017,8:45:30 AM,mobile,10.92127128,16.98550575,2.167038712,9.903447626,31,3,29.7128241,-95.2640834,29.7156063|29.7156077|29.7156178|29.7156363|29.7156730|29.7156993|29.7157252|29.7157438|29.7157348|29.7156192|29.7153950|29.7150993|29.7147753|29.7144560|29.7141392|29.7138245|29.7134835|29.7131288|29.7128183|29.7125682|29.7122942|29.7119327|29.7116605|29.7113870|29.7111040|29.7107740|29.7104578|29.7101870|29.7099263|29.7096517|29.7093810|29.7092060|29.7092122|29.7093253|29.7093832|29.7094335|,-95.2780022|-95.2774228|-95.2767643|-95.2760537|-95.2752858|-95.2744725|-95.2736343|-95.2727722|-95.2718915|-95.2710242|-95.2701735|-95.2693485|-95.2685285|-95.2676920|-95.2668873|-95.2660587|-95.2651712|-95.2642512|-95.2633473|-95.2624212|-95.2615377|-95.2604935|-95.2596918|-95.2588912|-95.2580403|-95.2571790|-95.2564515|-95.2557727|-95.2550843|-95.2543995|-95.2538217|-95.2534077|-95.2529648|-95.2527675|-95.2526845|-95.2526115|
9/4/2017,9:02:23 AM,mobile,3.017513763,4.962177122,2.768098333,13.43183873,31,3,29.7090527,-95.2379261,29.7089992|29.7089225|29.7088032|29.7086807|29.7085655|29.7084715|29.7083913|29.7083253|29.7082893|29.7082793|29.7082892|29.7083417|29.7084283|29.7085023|29.7085818|29.7086695|29.7087412|29.7088148|29.7088820|29.7089707|29.7090523|29.7091345|29.7092257|29.7093088|29.7093918|29.7094823|29.7095832|29.7096883|29.7097702|29.7098248|29.7098847|29.7099503|29.7099630|29.7099975|29.7098570|29.7098318|,-95.2503597|-95.2501097|-95.2497590|-95.2492768|-95.2486548|-95.2480650|-95.2473955|-95.2467085|-95.2460388|-95.2453540|-95.2446465|-95.2439308|-95.2431813|-95.2423818|-95.2415348|-95.2406662|-95.2397848|-95.2389077|-95.2380288|-95.2369757|-95.2360693|-95.2350720|-95.2340702|-95.2330788|-95.2320632|-95.2310292|-95.2299983|-95.2290345|-95.2283420|-95.2277892|-95.2271352|-95.2265093|-95.2260742|-95.2257855|-95.2256865|-95.2258435|
9/4/2017,9:17:47 AM,mobile,2.447817181,2.489049273,1.068550438,4.173266767,31,3,29.7140925,-95.2260818,29.7188680|29.7186483|29.7183957|29.7181658|29.7179333|29.7177017|29.7173998|29.7170707|29.7167457|29.7165512|29.7164488|29.7163407|29.7162177|29.7161017|29.7159153|29.7155752|29.7151642|29.7147292|29.7142983|29.7139177|29.7135030|29.7130535|29.7125777|29.7120918|29.7116120|29.7111383|29.7106702|29.7102445|29.7100697|29.7099928|29.7099897|29.7100382|29.7100397|29.7100153|29.7100375|29.7100657|,-95.2252863|-95.2252765|-95.2252718|-95.2252797|-95.2252935|-95.2252912|-95.2253172|-95.2253445|-95.2254187|-95.2255125|-95.2256458|-95.2258050|-95.2259782|-95.2260650|-95.2261582|-95.2261947|-95.2261960|-95.2261995|-95.2261945|-95.2261793|-95.2261868|-95.2261837|-95.2261795|-95.2261720|-95.2261708|-95.2261642|-95.2261573|-95.2261523|-95.2261772|-95.2263813|-95.2267143|-95.2269213|-95.2271037|-95.2272932|-95.2274707|-95.2276077|
9/4/2017,9:32:24 AM,mobile,1.856209192,3.786645322,1.478468494,6.27832517,82,2,29.713601,-95.2602254,29.7123542|29.7125830|29.7129468|29.7133517|29.7135147|29.7136185|29.7136713|29.7136945|29.7137093|29.7137292|29.7137457|29.7137450|29.7137465|29.7137340|29.7137253|29.7137217|29.7137242|29.7137278|29.7137325|29.7137253|29.7137295|29.7137353|29.7137428|29.7137413|29.7137112|29.7136933|29.7137020|29.7136888|29.7136837|29.7136843|29.7136727|29.7136712|29.7136735|29.7136700|29.7136682|29.7136687|,-95.2607365|-95.2606720|-95.2605587|-95.2604857|-95.2603110|-95.2602008|-95.2601943|-95.2601982|-95.2602052|-95.2602077|-95.2602110|-95.2602092|-95.2602037|-95.2601963|-95.2601947|-95.2601902|-95.2601912|-95.2601913|-95.2601928|-95.2601852|-95.2601908|-95.2601857|-95.2601773|-95.2601663|-95.2601585|-95.2601568|-95.2601525|-95.2601412|-95.2601265|-95.2601218|-95.2601233|-95.2601302|-95.2601335|-95.2601385|-95.2601385|-95.2601390|
9/4/2017,9:48:29 AM,static,2.688842658,7.071765791,6.913337101,41.82709589,82,2,29.7175886,-95.2522948, , 
9/4/2017,10:03:07 AM,mobile,2.141057483,3.768070328,1.411684092,6.218443858,82,2,29.7194861,-95.2609642,29.7183732|29.7184605|29.7185358|29.7186672|29.7187192|29.7187038|29.7186895|29.7186777|29.7186557|29.7186375|29.7185940|29.7185760|29.7185472|29.7185290|29.7185162|29.7185092|29.7185015|29.7184778|29.7184398|29.7184185|29.7184113|29.7184055|29.7183953|29.7184117|29.7186655|29.7191798|29.7198100|29.7204535|29.7211882|29.7216742|29.7220822|29.7224702|29.7226322|29.7227605|29.7228692|29.7228595|,-95.2532805|-95.2534698|-95.2536338|-95.2538878|-95.2542367|-95.2546757|-95.2551855|-95.2557408|-95.2562717|-95.2567655|-95.2573990|-95.2581248|-95.2588168|-95.2595010|-95.2599232|-95.2600952|-95.2605595|-95.2613243|-95.2620250|-95.2627890|-95.2635457|-95.2641922|-95.2649188|-95.2654833|-95.2656130|-95.2656417|-95.2657028|-95.2657330|-95.2657603|-95.2657800|-95.2657837|-95.2657930|-95.2657793|-95.2657922|-95.2657543|-95.2657330|
9/4/2017,10:25:43 AM,mobile,3.549647932,6.227930323,1.040915513,4.700682931,82,2,29.7196458,-95.2588083,29.7152085|29.7155480|29.7159580|29.7163802|29.7165885|29.7169850|29.7175242|29.7180792|29.7184498|29.7185732|29.7186425|29.7186307|29.7186190|29.7186672|29.7189797|29.7194317|29.7198723|29.7200017|29.7199973|29.7199873|29.7199660|29.7200170|29.7203505|29.7206630|29.7211078|29.7216155|29.7219972|29.7220355|29.7220198|29.7220372|29.7220063|29.7220173|29.7221328|29.7224408|29.7225040|29.7222142|,-95.2558645|-95.2558927|-95.2559007|-95.2559173|-95.2559238|-95.2559382|-95.2559520|-95.2559510|-95.2559427|-95.2559820|-95.2563525|-95.2569728|-95.2576483|-95.2580040|-95.2580382|-95.2580420|-95.2580697|-95.2582745|-95.2587932|-95.2594507|-95.2599970|-95.2601678|-95.2601738|-95.2601778|-95.2602083|-95.2602322|-95.2602535|-95.2604833|-95.2609923|-95.2615900|-95.2620880|-95.2621980|-95.2622225|-95.2622437|-95.2623830|-95.2627772|
9/4/2017,10:40:45 AM,mobile,3.22723723,5.715791187,,4.226238696,76,2,29.717234,-95.2621688,29.7216585|29.7215408|29.7214620|29.7211993|29.7206650|29.7200455|29.7193875|29.7187725|29.7184527|29.7182967|29.7179483|29.7175308|29.7173040|29.7171748|29.7171467|29.7170863|29.7170075|29.7168448|29.7166672|29.7165055|29.7163657|29.7161865|29.7159965|29.7158280|29.7157930|29.7157518|29.7155513|29.7152773|29.7151042|29.7150948|29.7151088|29.7151355|29.7151590|29.7151542|29.7151210|29.7151002|,-95.2650372|-95.2654190|-95.2655882|-95.2656533|-95.2656417|-95.2656460|-95.2656197|-95.2655923|-95.2655042|-95.2654370|-95.2654007|-95.2653132|-95.2649303|-95.2645108|-95.2643747|-95.2642620|-95.2640258|-95.2635792|-95.2630202|-95.2624872|-95.2619980|-95.2614350|-95.2608238|-95.2603232|-95.2601292|-95.2599400|-95.2598995|-95.2596125|-95.2590282|-95.2583762|-95.2577412|-95.2571623|-95.2564625|-95.2561005|-95.2560172|-95.2559835|
9/4/2017,10:56:10 AM,mobile,53.47635386,123.337964,,38.12597023,76,2,29.7163077,-95.2567715,29.7157893|29.7157815|29.7157722|29.7157662|29.7157443|29.7157210|29.7157153|29.7156930|29.7156837|29.7156905|29.7156998|29.7156920|29.7156917|29.7156643|29.7156858|29.7159267|29.7163607|29.7164048|29.7164262|29.7164387|29.7164440|29.7164637|29.7164765|29.7165050|29.7165163|29.7165408|29.7165615|29.7166108|29.7169450|29.7172583|29.7172972|29.7172885|29.7172460|29.7172135|29.7171920|29.7171712|,-95.2547350|-95.2549723|-95.2553358|-95.2557408|-95.2559210|-95.2563632|-95.2569117|-95.2574935|-95.2579935|-95.2584500|-95.2589452|-95.2589622|-95.2590433|-95.2594145|-95.2596750|-95.2597752|-95.2597405|-95.2593085|-95.2586832|-95.2581363|-95.2578435|-95.2572837|-95.2566610|-95.2560468|-95.2555358|-95.2549752|-95.2543875|-95.2538930|-95.2538393|-95.2538910|-95.2542542|-95.2547503|-95.2554250|-95.2558882|-95.2564003|-95.2570973|
9/4/2017,11:10:44 AM,mobile,39.39357957,91.24037334,,63.24848342,76,2,29.716288,-95.2569833,29.7170600|29.7171102|29.7171395|29.7171558|29.7171807|29.7171887|29.7172093|29.7172158|29.7172480|29.7172398|29.7172720|29.7170888|29.7166923|29.7165503|29.7165160|29.7165130|29.7165260|29.7165082|29.7164733|29.7164675|29.7163333|29.7159412|29.7157560|29.7157595|29.7157475|29.7157363|29.7154600|29.7152158|29.7150582|29.7150738|29.7150972|29.7151007|29.7151025|29.7151533|29.7155268|29.7159490|,-95.2593683|-95.2589215|-95.2583488|-95.2579490|-95.2574323|-95.2568030|-95.2561670|-95.2557487|-95.2551487|-95.2545077|-95.2540303|-95.2538252|-95.2538268|-95.2542137|-95.2547695|-95.2554090|-95.2559867|-95.2565838|-95.2572395|-95.2578288|-95.2579508|-95.2579485|-95.2582012|-95.2587583|-95.2593070|-95.2596880|-95.2597988|-95.2595088|-95.2589658|-95.2583877|-95.2577258|-95.2570232|-95.2563385|-95.2559013|-95.2558863|-95.2559018|
9/4/2017,11:26:59 AM,static,1.098700551,3.176324072,0.651723651,4.714501696,76,2,29.7150715,-95.2560016, , 
9/4/2017,11:43:34 AM,mobile,2.188010498,3.539863252,0.773777903,4.007441598,66,2,29.7186177,-95.2575422,29.7186808|29.7186973|29.7186840|29.7186920|29.7186918|29.7186867|29.7186460|29.7186195|29.7185853|29.7185567|29.7185497|29.7185398|29.7185205|29.7184972|,-95.2539807|-95.2542870|-95.2546973|-95.2551690|-95.2557310|-95.2565447|-95.2573230|-95.2580910|-95.2588220|-95.2594988|-95.2598715|-95.2599892|-95.2604350|-95.2611502|
9/4/2017,11:57:34 AM,mobile,1.211387786,2.563349251,0.566515965,2.685446496,66,2,29.7159751,-95.2571676,29.7153017|29.7150888|29.7149798|29.7149993|29.7150342|29.7150595|29.7150718|29.7151832|29.7154932|29.7157410|29.7157267|29.7157228|29.7157293|29.7157268|29.7157212|29.7157105|29.7157073|29.7156962|29.7157410|29.7160503|29.7163643|29.7164043|29.7164202|29.7164270|29.7164342|29.7164590|29.7164842|29.7165072|29.7165177|29.7165257|29.7165278|29.7165315|29.7166263|29.7169502|29.7172125|29.7172283|,-95.2597097|-95.2592498|-95.2586807|-95.2580112|-95.2573358|-95.2566695|-95.2560842|-95.2558483|-95.2558352|-95.2559760|-95.2564010|-95.2569090|-95.2571940|-95.2574292|-95.2578438|-95.2583625|-95.2589143|-95.2594417|-95.2597110|-95.2597845|-95.2596677|-95.2593400|-95.2589533|-95.2584093|-95.2580305|-95.2577240|-95.2571668|-95.2565772|-95.2559992|-95.2555407|-95.2549355|-95.2542878|-95.2538855|-95.2538513|-95.2539600|-95.2543118|
9/4/2017,12:54:16 PM,static,0.065734221,0.278624919,0.308589997,1.718133007,106,2,29.709088,-95.2787039, , 
9/4/2017,1:33:30 PM,mobile,0.287978492,0.554596267,0.223382311,2.86509043,119,3,29.713186,-95.2651533,29.7156133|29.7156122|29.7156287|29.7156572|29.7156893|29.7157097|29.7157285|29.7157520|29.7157580|29.7156922|29.7155498|29.7153455|29.7150900|29.7148122|29.7145000|29.7141723|29.7138655|29.7135452|29.7132227|29.7128787|29.7126495|29.7124007|29.7120845|29.7117787|29.7115125|29.7112472|29.7110005|29.7107073|29.7104540|29.7102207|29.7099748|29.7097092|29.7094560|29.7092785|29.7092127|,-95.2775325|-95.2769932|-95.2764048|-95.2757735|-95.2751048|-95.2744233|-95.2737167|-95.2728383|-95.2721075|-95.2713828|-95.2706800|-95.2700140|-95.2693493|-95.2686133|-95.2678057|-95.2669700|-95.2661498|-95.2653030|-95.2644735|-95.2635048|-95.2626468|-95.2617740|-95.2609190|-95.2601042|-95.2593532|-95.2586397|-95.2579223|-95.2571122|-95.2564965|-95.2558780|-95.2551942|-95.2545058|-95.2539380|-95.2535637|-95.2531787|
9/4/2017,1:51:14 PM,mobile,0.272327487,0.498871283,0.451370444,2.581805765,119,3,29.7219234,-95.2798027,29.7162208|29.7165693|29.7167878|29.7170502|29.7174217|29.7178498|29.7181365|29.7184490|29.7188565|29.7192185|29.7194932|29.7199200|29.7204345|29.7206373|29.7208402|29.7212592|29.7217025|29.7221360|29.7225545|29.7227745|29.7231082|29.7234418|29.7237948|29.7241587|29.7245392|29.7249162|29.7252903|29.7256753|29.7260130|29.7261603|29.7263028|29.7264253|29.7264407|29.7263548|29.7263840|,-95.2795802|-95.2795915|-95.2795923|-95.2795967|-95.2795895|-95.2796058|-95.2796082|-95.2796353|-95.2796488|-95.2796692|-95.2796993|-95.2797203|-95.2797242|-95.2797243|-95.2797290|-95.2797412|-95.2797477|-95.2797625|-95.2797832|-95.2798035|-95.2798233|-95.2798397|-95.2798402|-95.2798517|-95.2798533|-95.2798703|-95.2798828|-95.2799205|-95.2799363|-95.2799237|-95.2799540|-95.2800993|-95.2803225|-95.2802700|-95.2801525|
9/4/2017,2:06:37 PM,mobile,0.381884522,0.400689169,0.16350664,0.789972683,119,3,29.7182237,-95.273938,29.7181260|29.7181317|29.7181185|29.7181113|29.7181170|29.7181173|29.7181120|29.7181250|29.7181423|29.7181258|29.7181057|29.7181248|29.7181425|29.7181543|29.7181775|29.7181963|29.7182110|29.7182300|29.7182388|29.7182480|29.7182563|29.7182650|29.7182678|29.7182822|29.7182985|29.7183163|29.7183237|29.7183337|29.7183375|29.7183260|29.7183255|29.7183242|29.7183422|29.7183747|29.7184008|,-95.2830493|-95.2825150|-95.2819718|-95.2814205|-95.2810428|-95.2807710|-95.2801968|-95.2796293|-95.2790360|-95.2784977|-95.2780265|-95.2774745|-95.2767205|-95.2760638|-95.2754230|-95.2747483|-95.2740937|-95.2735070|-95.2731490|-95.2726217|-95.2719280|-95.2714825|-95.2710868|-95.2705107|-95.2698375|-95.2691488|-95.2685328|-95.2679282|-95.2672840|-95.2669643|-95.2669212|-95.2669005|-95.2667937|-95.2664935|-95.2660590|
9/4/2017,2:21:29 PM,mobile,39.8130265,109.3377252,,,119,3,29.7164872,-95.2562106,29.7151252|29.7150355|29.7150303|29.7150452|29.7150360|29.7150473|29.7150810|29.7151012|29.7151955|29.7155485|29.7160452|29.7164180|29.7165028|29.7165165|29.7165093|29.7165360|29.7165455|29.7166598|29.7169662|29.7172037|29.7172467|29.7172338|29.7172265|29.7172173|29.7172253|29.7172197|29.7172073|29.7171945|29.7171848|29.7171863|29.7171530|29.7172933|29.7176488|29.7178223|29.7178452|,-95.2592698|-95.2588997|-95.2584272|-95.2579347|-95.2574240|-95.2569545|-95.2565295|-95.2560943|-95.2558708|-95.2558778|-95.2558863|-95.2559177|-95.2557880|-95.2554848|-95.2550332|-95.2545717|-95.2541193|-95.2538630|-95.2538605|-95.2538785|-95.2540925|-95.2543640|-95.2546548|-95.2550225|-95.2554680|-95.2558067|-95.2560435|-95.2564553|-95.2569367|-95.2574450|-95.2579147|-95.2580092|-95.2579905|-95.2579028|-95.2575798|
9/4/2017,2:39:46 PM,mobile,2.369562156,6.395105275,1.054732975,6.128621891,106,3,29.7307215,-95.2660009,29.7183543|29.7191763|29.7198952|29.7206440|29.7214273|29.7222827|29.7231527|29.7240373|29.7249610|29.7259378|29.7271910|29.7283142|29.7294627|29.7306058|29.7316503|29.7325450|29.7333497|29.7342523|29.7349727|29.7356878|29.7363300|29.7367725|29.7368942|29.7369293|29.7369960|29.7370183|29.7369062|29.7365978|29.7362397|29.7357650|29.7352615|29.7347662|29.7342065|29.7336273|29.7330418|,-95.2658253|-95.2658635|-95.2659025|-95.2659152|-95.2659230|-95.2659308|-95.2659867|-95.2660982|-95.2662217|-95.2663545|-95.2665117|-95.2665085|-95.2663747|-95.2662052|-95.2660062|-95.2657777|-95.2654385|-95.2651513|-95.2650970|-95.2650537|-95.2649688|-95.2649712|-95.2652853|-95.2657097|-95.2661333|-95.2663063|-95.2662752|-95.2662618|-95.2662915|-95.2663515|-95.2664200|-95.2665083|-95.2666557|-95.2668115|-95.2669372|
9/4/2017,2:54:43 PM,mobile,0.964101908,0.737692642,0.253320147,0.884400904,106,3,29.7331672,-95.255774,29.7369242|29.7366855|29.7363768|29.7359365|29.7355465|29.7351628|29.7347707|29.7343690|29.7339523|29.7335367|29.7330292|29.7327262|29.7325497|29.7324780|29.7324695|29.7324552|29.7324547|29.7324495|29.7324580|29.7324547|29.7324458|29.7322170|29.7320090|29.7319283|29.7319102|29.7319358|29.7319860|29.7320557|29.7321455|29.7322193|29.7322858|29.7323818|29.7324178|29.7324230|29.7324332|29.7324395|,-95.2634953|-95.2631940|-95.2627373|-95.2620795|-95.2614788|-95.2608955|-95.2603017|-95.2596917|-95.2590648|-95.2584267|-95.2576655|-95.2572077|-95.2569420|-95.2568352|-95.2568198|-95.2568052|-95.2567997|-95.2567912|-95.2568002|-95.2567975|-95.2567860|-95.2564108|-95.2558580|-95.2553398|-95.2547133|-95.2540022|-95.2532092|-95.2523962|-95.2515785|-95.2508600|-95.2500592|-95.2490040|-95.2480878|-95.2471612|-95.2462315|-95.2453370|
9/4/2017,3:09:46 PM,static,0.848284471,1.125113957,0.285560893,1.298963828,106,3,29.7339963,-95.2382761, , 
9/4/2017,3:29:28 PM,mobile,1.859339393,4.171413067,0.674752755,3.864647702,106,3,29.7245859,-95.2655481,29.7393737|29.7386237|29.7377485|29.7368087|29.7357478|29.7343340|29.7330468|29.7317980|29.7306860|29.7296397|29.7286388|29.7276433|29.7266442|29.7254092|29.7243415|29.7232592|29.7220993|29.7209278|29.7198285|29.7187565|29.7180318|29.7174240|29.7170992|29.7169515|29.7172377|29.7177093|29.7181517|29.7183407|29.7186608|29.7190865|29.7192602|29.7196158|29.7200048|29.7203958|29.7207147|29.7210540|,-95.2654103|-95.2654892|-95.2655968|-95.2657408|-95.2658725|-95.2660590|-95.2662393|-95.2664168|-95.2666015|-95.2667447|-95.2668768|-95.2669082|-95.2668338|-95.2666702|-95.2665282|-95.2663888|-95.2663103|-95.2663283|-95.2664173|-95.2665085|-95.2664318|-95.2659632|-95.2652263|-95.2645892|-95.2642730|-95.2642722|-95.2642825|-95.2642760|-95.2642668|-95.2642768|-95.2642907|-95.2643003|-95.2643043|-95.2643375|-95.2643503|-95.2643497|
9/4/2017,3:46:35 PM,static,10.10115862,26.53039939,3.802105114,21.2924124,115,3,29.7209195,-95.2608617, , 
9/4/2017,3:59:54 PM,static,8.905421841,23.20547536,3.327705567,18.67375659,115,3,29.7208695,-95.2608584, , 
9/4/2017,4:13:29 PM,static,0.413186532,0.93405687,0.225685222,1.282841937,115,3,29.7208571,-95.2608629, , 
9/4/2017,4:34:22 PM,static,7.2088529,17.09695572,2.411147217,12.72017238,118,3,29.7208714,-95.2608719, , 
9/4/2017,5:00:23 PM,mobile,14.88410575,40.92602019,5.890844871,35.67774586,118,3,29.7158217,-95.2566785,29.7165158|29.7164765|29.7162427|29.7158790|29.7157758|29.7157432|29.7156890|29.7156757|29.7156488|29.7153325|29.7150595|,-95.2550728|-95.2556937|-95.2558607|-95.2558773|-95.2560763|-95.2565113|-95.2570133|-95.2576080|-95.2579420|-95.2579452|-95.2578627|
9/4/2017,5:17:32 PM,static,39.67529766,94.27871174,11.72181407,59.92737378,118,3,29.7179065,-95.2558319, , 
9/4/2017,5:31:52 PM,static,185.9151581,481.1162416,23.47356598,173.9667248,121,3,29.715769,-95.2550892, , 
9/4/2017,6:07:44 PM,static,10.58320958,19.60723356,,,121,3,29.7208732,-95.2608611, , 
9/4/2017,7:10:26 PM,static,78.27693637,177.7308552,,53.06866051,122,4,29.7158529,-95.2551723, , 
9/5/2017,11:06:52 AM,mobile,0.231634874,0.711156935,0.280955072,1.358845139,359,2,29.7155624,-95.2560451,29.7159063|29.7158778|29.7158585|29.7158363|29.7158378|29.7158347|29.7157832|29.7155323|29.7152940|29.7152097|29.7151585|29.7151272|29.7150598|29.7150377|29.7150482|29.7152547|29.7155540|29.7157627|29.7157715|29.7157750|29.7157570|29.7157700|29.7157352|29.7157158|,-95.2552560|-95.2552362|-95.2552205|-95.2553592|-95.2555838|-95.2558157|-95.2558988|-95.2558847|-95.2558858|-95.2558923|-95.2559038|-95.2559275|-95.2559105|-95.2558882|-95.2558753|-95.2558840|-95.2558967|-95.2559513|-95.2561525|-95.2564430|-95.2567802|-95.2571328|-95.2574932|-95.2578097|
9/5/2017,11:20:19 AM,mobile,0.303629497,0.968553288,0.419129698,1.74116428,359,2,29.7182345,-95.2606391,29.7166463|29.7170310|29.7174227|29.7177247|29.7178418|29.7180822|29.7183635|29.7184357|29.7185078|29.7185468|29.7185428|29.7185508|29.7185507|29.7185420|29.7185407|29.7185137|29.7184998|29.7185012|29.7184967|29.7184857|29.7184717|29.7184510|29.7184360|29.7184432|,-95.2579820|-95.2579838|-95.2579890|-95.2580170|-95.2580153|-95.2579835|-95.2580080|-95.2580082|-95.2580368|-95.2582875|-95.2586818|-95.2591632|-95.2597788|-95.2602417|-95.2607608|-95.2613583|-95.2619952|-95.2626627|-95.2633057|-95.2639550|-95.2647928|-95.2654980|-95.2661022|-95.2667307|
9/5/2017,11:35:09 AM,mobile,0.632300602,1.459463859,0.403009325,1.7849237,4,2,29.712202,-95.2612996,29.7157373|29.7157408|29.7157510|29.7157633|29.7157590|29.7156943|29.7155680|29.7153983|29.7151812|29.7149523|29.7146783|29.7144448|29.7142157|29.7139937|29.7137620|29.7135285|29.7133133|29.7131307|29.7129943|29.7129282|29.7128243|29.7126838|29.7125450|29.7123703|29.7121408|29.7119170|29.7116562|29.7114225|29.7111692|29.7109275|29.7106750|29.7104195|29.7101933|29.7099693|29.7097222|29.7094525|29.7091937|29.7092670|29.7094602|29.7096065|29.7096093|29.7094322|29.7092252|29.7090282|29.7088352|29.7086657|29.7085450|,-95.2742345|-95.2738135|-95.2733193|-95.2727898|-95.2721810|-95.2715253|-95.2708655|-95.2702425|-95.2696508|-95.2690685|-95.2683487|-95.2677402|-95.2671303|-95.2665395|-95.2659548|-95.2653735|-95.2648098|-95.2642985|-95.2639515|-95.2638437|-95.2635297|-95.2630655|-95.2625117|-95.2619148|-95.2612980|-95.2606560|-95.2598858|-95.2592193|-95.2585192|-95.2578135|-95.2571227|-95.2564587|-95.2558360|-95.2551980|-95.2545432|-95.2539483|-95.2533670|-95.2528775|-95.2526398|-95.2523867|-95.2519620|-95.2514687|-95.2509430|-95.2504245|-95.2498812|-95.2492870|-95.2486435|
9/5/2017,11:53:05 AM,mobile,0.350582512,1.018971131,0.361556937,1.487820271,4,2,29.7142805,-95.2665496,29.7094612|29.7096858|29.7098920|29.7101037|29.7103282|29.7106210|29.7108710|29.7110518|29.7112593|29.7114573|29.7116553|29.7118388|29.7120538|29.7122590|29.7124870|29.7126970|29.7128407|29.7130132|29.7132025|29.7133985|29.7136342|29.7138835|29.7141642|29.7143958|29.7146348|29.7148638|29.7151407|29.7153775|29.7156035|29.7157698|29.7158707|29.7159023|29.7158912|29.7158773|29.7158663|29.7159785|29.7164115|29.7168985|29.7173855|29.7178477|29.7181018|29.7182037|29.7181840|29.7182600|29.7185732|29.7189965|29.7192908|,-95.2537790|-95.2542845|-95.2548333|-95.2554173|-95.2560258|-95.2566097|-95.2571647|-95.2576663|-95.2583313|-95.2589188|-95.2594792|-95.2599795|-95.2604965|-95.2610513|-95.2616178|-95.2622942|-95.2628743|-95.2634622|-95.2640337|-95.2645933|-95.2652002|-95.2658355|-95.2664652|-95.2671122|-95.2677267|-95.2683237|-95.2690303|-95.2696608|-95.2702918|-95.2709563|-95.2716397|-95.2723175|-95.2729850|-95.2736527|-95.2742145|-95.2744083|-95.2744198|-95.2744373|-95.2744570|-95.2744602|-95.2744752|-95.2746672|-95.2752705|-95.2756888|-95.2757370|-95.2757388|-95.2757462|
9/5/2017,12:08:42 PM,mobile,0.482050954,1.294942479,0.476702458,2.174152223,4,2,29.7157965,-95.2569553,29.7165117|29.7165050|29.7165243|29.7165268|29.7165195|29.7164997|29.7165008|29.7164290|29.7161592|29.7158068|29.7154562|29.7151982|29.7151478|29.7151415|29.7151317|29.7151240|29.7151205|29.7151030|29.7150765|29.7150702|29.7151533|29.7152677|29.7155102|29.7156878|29.7157123|29.7157320|29.7157503|29.7157735|29.7158132|29.7160138|29.7163035|29.7164732|29.7164905|29.7165038|29.7165093|29.7165075|29.7165058|29.7165085|29.7163783|29.7161272|29.7157933|29.7154478|29.7151733|29.7151255|29.7151163|29.7151022|29.7151057|29.7150942|,-95.2543197|-95.2543708|-95.2545247|-95.2548053|-95.2551267|-95.2555283|-95.2558017|-95.2558645|-95.2558773|-95.2558785|-95.2558802|-95.2559077|-95.2560800|-95.2563842|-95.2567290|-95.2571938|-95.2575945|-95.2580157|-95.2584375|-95.2588378|-95.2592300|-95.2595978|-95.2597875|-95.2596735|-95.2593827|-95.2590500|-95.2586953|-95.2583180|-95.2580045|-95.2579410|-95.2579607|-95.2578987|-95.2576505|-95.2573007|-95.2569195|-95.2565253|-95.2561062|-95.2559492|-95.2559087|-95.2558983|-95.2558832|-95.2558717|-95.2559025|-95.2561818|-95.2565790|-95.2570272|-95.2574957|-95.2579582|
9/5/2017,12:24:35 PM,mobile,12.73365766,34.08511504,4.80387115,25.97236718,4,2,29.7093865,-95.2524479,29.7092198|29.7093997|29.7095733|29.7096485|29.7095082|29.7093507|29.7092733|29.7094092|29.7095685|29.7096982|29.7096732|29.7095790|29.7094340|29.7092842|29.7091688|29.7092447|29.7093455|29.7094378|29.7095133|29.7095800|29.7094695|29.7093168|29.7091477|29.7089873|29.7088553|29.7089263|29.7090267|29.7091973|29.7094295|29.7096148|29.7096542|29.7094525|29.7092983|29.7093352|29.7095533|29.7097020|29.7096013|29.7095117|29.7093362|29.7092132|29.7093133|29.7094387|29.7095468|29.7096190|29.7094558|29.7092368|29.7090147|,-95.2507150|-95.2512093|-95.2517460|-95.2522303|-95.2526095|-95.2528822|-95.2533088|-95.2536895|-95.2540225|-95.2542777|-95.2544275|-95.2542488|-95.2539115|-95.2536392|-95.2533135|-95.2529685|-95.2527673|-95.2526277|-95.2524490|-95.2521232|-95.2516392|-95.2512180|-95.2507778|-95.2503327|-95.2499718|-95.2499275|-95.2501698|-95.2506222|-95.2512567|-95.2517930|-95.2523393|-95.2527430|-95.2530678|-95.2535088|-95.2539628|-95.2542955|-95.2543203|-95.2540405|-95.2537012|-95.2532643|-95.2528565|-95.2526760|-95.2524592|-95.2520720|-95.2515348|-95.2509747|-95.2503587|
9/5/2017,12:49:48 PM,mobile,0.666732813,1.403738876,0.292469624,1.273629427,356,2,29.7098278,-95.2337062,29.7086295|29.7085472|29.7084668|29.7084015|29.7083460|29.7083210|29.7083105|29.7083208|29.7083437|29.7083882|29.7084598|29.7085255|29.7085918|29.7086583|29.7087297|29.7087937|29.7088552|29.7089113|29.7089782|29.7090557|29.7091335|29.7092352|29.7093200|29.7094033|29.7094868|29.7095732|29.7096680|29.7097498|29.7098002|29.7098613|29.7099585|29.7100118|29.7100292|29.7100882|29.7103103|29.7106600|29.7110593|29.7114527|29.7118617|29.7122632|29.7124207|29.7124978|29.7124785|29.7124793|29.7124905|29.7124912|29.7124883|,-95.2488888|-95.2483545|-95.2477717|-95.2471380|-95.2465090|-95.2458660|-95.2452255|-95.2445985|-95.2439768|-95.2433145|-95.2424950|-95.2418145|-95.2411203|-95.2404122|-95.2397000|-95.2389752|-95.2382602|-95.2375458|-95.2368087|-95.2359647|-95.2350693|-95.2339162|-95.2329672|-95.2320397|-95.2311197|-95.2302148|-95.2293415|-95.2285923|-95.2279742|-95.2272175|-95.2262625|-95.2256383|-95.2253580|-95.2251963|-95.2252022|-95.2252272|-95.2252167|-95.2252282|-95.2252228|-95.2252170|-95.2251863|-95.2249413|-95.2244430|-95.2238930|-95.2233517|-95.2228257|-95.2225890|
9/5/2017,1:06:12 PM,mobile,0.435097939,1.01366399,0.283257982,1.273629427,356,2,29.71706,-95.2114586,29.7129027|29.7133622|29.7138582|29.7143450|29.7147460|29.7150155|29.7151955|29.7153613|29.7155290|29.7156920|29.7159000|29.7162185|29.7166447|29.7172173|29.7175950|29.7176090|29.7176523|29.7179872|29.7184333|29.7187150|29.7186557|29.7182435|29.7177895|29.7176117|29.7178837|29.7183618|29.7187005|29.7187212|29.7183693|29.7178715|29.7176033|29.7179095|29.7183623|29.7184920|29.7184995|29.7185032|29.7184568|29.7182225|29.7179268|29.7176127|29.7172948|29.7170023|29.7168032|29.7167337|29.7167360|29.7167337|29.7167405|,-95.2199085|-95.2197335|-95.2194418|-95.2190042|-95.2184537|-95.2178107|-95.2171225|-95.2164388|-95.2157543|-95.2150790|-95.2143752|-95.2137043|-95.2131873|-95.2127560|-95.2124233|-95.2119730|-95.2114678|-95.2111297|-95.2111578|-95.2115657|-95.2121083|-95.2124058|-95.2122382|-95.2116142|-95.2111885|-95.2111313|-95.2114750|-95.2119927|-95.2123595|-95.2123013|-95.2117762|-95.2111712|-95.2109288|-95.2104350|-95.2098017|-95.2091080|-95.2083873|-95.2074870|-95.2066758|-95.2057532|-95.2048155|-95.2039477|-95.2034773|-95.2033848|-95.2033673|-95.2033672|-95.2033667|
9/5/2017,1:22:44 PM,mobile,0.554045577,1.040199696,0.396100593,1.969173888,356,2,29.70334,-95.1876666,29.7056357|29.7051775|29.7047107|29.7042903|29.7038852|29.7034995|29.7031137|29.7027243|29.7023488|29.7019198|29.7015660|29.7012090|,-95.1910928|-95.1905458|-95.1899653|-95.1893215|-95.1886573|-95.1879975|-95.1873545|-95.1867107|-95.1860872|-95.1853632|-95.1847677|-95.1841357|
9/5/2017,1:55:25 PM,mobile,1.605793112,2.165313653,0.423735519,2.740721552,2,2,29.7183751,-95.2096536,29.7177687|29.7180385|29.7182722|29.7184842|29.7185772|29.7185752|29.7185737|29.7185768|29.7187362|29.7187398|29.7183478|29.7178113|,-95.2059345|-95.2066937|-95.2073770|-95.2080878|-95.2088127|-95.2095288|-95.2102245|-95.2108988|-95.2114810|-95.2120503|-95.2124370|-95.2123175|
9/5/2017,2:16:11 PM,mobile,0.366233517,0.713810506,0.276349251,1.243688772,2,2,29.7325589,-95.2331988,29.7334170|29.7331808|29.7328375|29.7327968|29.7327742|29.7327495|29.7327298|29.7327112|29.7326902|29.7326738|29.7326488|29.7326270|29.7326047|29.7325820|29.7325592|29.7325280|29.7325077|29.7325077|29.7325025|29.7325013|29.7325000|29.7324980|29.7325018|29.7325068|29.7325025|29.7325072|29.7325103|29.7325105|29.7325128|29.7325108|29.7325102|29.7325083|29.7325232|29.7325323|29.7325528|29.7325520|29.7325245|29.7325237|29.7325260|29.7325275|29.7325187|29.7324600|29.7323767|29.7323070|29.7322630|29.7322022|29.7321432|29.7320840|,-95.2120093|-95.2125497|-95.2131253|-95.2139090|-95.2148050|-95.2157345|-95.2163940|-95.2170162|-95.2178050|-95.2187307|-95.2197225|-95.2207490|-95.2218147|-95.2228985|-95.2240107|-95.2251153|-95.2264135|-95.2274715|-95.2285488|-95.2296347|-95.2305463|-95.2314247|-95.2323468|-95.2333012|-95.2342663|-95.2352222|-95.2363522|-95.2372697|-95.2381605|-95.2390280|-95.2398297|-95.2406052|-95.2413882|-95.2423548|-95.2432068|-95.2440702|-95.2449422|-95.2458487|-95.2467573|-95.2476637|-95.2485690|-95.2494088|-95.2503607|-95.2511100|-95.2517158|-95.2523727|-95.2530893|-95.2538728|
9/5/2017,2:32:10 PM,mobile,0.413186532,0.684621229,0.21417067,0.87979465,45,2,29.7360247,-95.2635257,29.7320773|29.7321203|29.7322568|29.7325030|29.7328380|29.7332348|29.7337133|29.7341320|29.7345800|29.7350465|29.7355438|29.7360397|29.7365320|29.7369648|29.7372518|29.7373880|29.7374423|29.7374418|29.7374395|29.7374358|29.7374517|29.7374728|29.7375898|29.7377602|29.7379808|29.7382452|29.7385365|29.7388122|29.7389635|29.7390933|29.7393795|29.7397125|29.7400353|29.7402027|29.7399643|29.7394265|29.7386825|29.7379050|29.7371270|29.7361687|29.7352990|29.7343493|29.7333602|29.7324362|29.7315577|29.7307020|29.7298860|29.7291028|,-95.2552387|-95.2555967|-95.2560812|-95.2565780|-95.2570872|-95.2576223|-95.2583325|-95.2589590|-95.2596345|-95.2603552|-95.2611127|-95.2618693|-95.2626212|-95.2632970|-95.2637312|-95.2639427|-95.2640242|-95.2640332|-95.2640375|-95.2640373|-95.2640668|-95.2640772|-95.2642392|-95.2645128|-95.2648787|-95.2652827|-95.2657258|-95.2661150|-95.2663377|-95.2665227|-95.2665825|-95.2663588|-95.2660785|-95.2657170|-95.2654047|-95.2653817|-95.2654582|-95.2655715|-95.2656850|-95.2658347|-95.2659502|-95.2660817|-95.2662288|-95.2663572|-95.2664793|-95.2665993|-95.2667047|-95.2668097|
9/5/2017,2:48:02 PM,mobile,1.433632057,3.245316909,0.550395592,2.752237189,45,2,29.711159,-95.2571371,29.7128217|29.7128757|29.7127570|29.7126323|29.7124735|29.7122935|29.7121505|29.7121305|29.7121133|29.7122368|29.7124205|29.7126718|29.7130532|29.7134452|29.7136543|29.7137700|29.7135490|29.7130987|29.7126202|29.7123672|29.7122513|29.7120755|29.7118577|29.7117235|29.7115487|29.7113537|29.7111437|29.7109252|29.7106848|29.7104383|29.7101950|29.7099460|29.7096982|29.7093840|29.7091922|29.7092910|29.7094222|29.7095573|29.7094932|29.7092697|29.7090157|29.7087713|29.7086023|29.7084873|29.7083947|29.7083302|29.7082875|,-95.2636880|-95.2635620|-95.2631905|-95.2626670|-95.2620252|-95.2614140|-95.2610048|-95.2609547|-95.2609028|-95.2607512|-95.2606980|-95.2606433|-95.2605858|-95.2605115|-95.2603517|-95.2603170|-95.2604758|-95.2605442|-95.2606293|-95.2606935|-95.2607337|-95.2607533|-95.2604385|-95.2599805|-95.2594580|-95.2588873|-95.2582567|-95.2576355|-95.2570198|-95.2563865|-95.2557258|-95.2550483|-95.2544260|-95.2537307|-95.2532117|-95.2527858|-95.2525082|-95.2522028|-95.2517123|-95.2511113|-95.2504230|-95.2497177|-95.2489680|-95.2482328|-95.2475038|-95.2468145|-95.2461600|
9/5/2017,3:04:05 PM,mobile,1.252080399,2.024674409,0.460582085,2.047480219,45,2,29.7015784,-95.2448282,29.7080272|29.7077582|29.7073922|29.7069628|29.7065947|29.7064567|29.7064105|29.7061540|29.7058592|29.7057562|29.7056200|29.7051958|29.7046957|29.7040732|29.7035352|29.7030040|29.7024745|29.7019958|29.7015822|29.7014297|29.7013053|29.7012950|29.7012843|29.7012795|29.7012757|29.7012768|29.7012812|29.7012705|29.7010913|29.7008838|29.7005627|29.7002253|29.6998917|29.6995400|29.6991752|29.6988278|29.6984818|29.6982125|29.6980672|29.6977523|29.6974477|29.6971137|29.6967978|29.6966338|29.6964155|29.6961175|29.6958023|29.6954752|,-95.2464818|-95.2463318|-95.2460957|-95.2458127|-95.2455918|-95.2455093|-95.2454855|-95.2453297|-95.2450678|-95.2450020|-95.2449220|-95.2446485|-95.2443210|-95.2439158|-95.2435550|-95.2431850|-95.2427983|-95.2424743|-95.2421925|-95.2420922|-95.2420062|-95.2419925|-95.2419815|-95.2419758|-95.2419732|-95.2419765|-95.2419807|-95.2419763|-95.2419357|-95.2423283|-95.2428145|-95.2433368|-95.2438468|-95.2443632|-95.2448938|-95.2454110|-95.2458852|-95.2462973|-95.2465030|-95.2469520|-95.2473797|-95.2478515|-95.2483498|-95.2485990|-95.2489003|-95.2493362|-95.2498092|-95.2502863|
9/5/2017,3:20:14 PM,mobile,1.00166432,1.50192099,0.327013281,1.510851545,45,2,29.6907831,-95.2569923,29.6915622|29.6911078|29.6906265|29.6902200|29.6898717|29.6897190|29.6896288|29.6895560|29.6894458|29.6892212|29.6889108|29.6888325|29.6887827|29.6886183|29.6883198|29.6879277|29.6874747|29.6870122|29.6865533|29.6861295|29.6856940|29.6852968|29.6853060|29.6856767|29.6862003|29.6867743|29.6873862|29.6880310|29.6886812|29.6893188|29.6899507|29.6905627|29.6911582|29.6917857|29.6925820|29.6932612|29.6939602|29.6946442|29.6953152|29.6959870|29.6966282|29.6972630|29.6979107|29.6985398|29.6991760|29.6997938|29.7004023|,-95.2513623|-95.2513313|-95.2511688|-95.2508420|-95.2504220|-95.2501738|-95.2498978|-95.2493595|-95.2488463|-95.2486718|-95.2487522|-95.2488125|-95.2492325|-95.2498772|-95.2504852|-95.2510713|-95.2517137|-95.2523823|-95.2530487|-95.2537775|-95.2544557|-95.2550108|-95.2553393|-95.2557013|-95.2562312|-95.2568067|-95.2573867|-95.2579950|-95.2586007|-95.2591985|-95.2597903|-95.2603717|-95.2609318|-95.2615178|-95.2622615|-95.2628987|-95.2635507|-95.2642040|-95.2648300|-95.2654638|-95.2660803|-95.2666635|-95.2672607|-95.2678462|-95.2684340|-95.2690163|-95.2695632|
9/5/2017,3:39:15 PM,static,0.917148893,2.037942262,0.308589997,1.678979842,30,2,29.7064215,-95.261183, , 
9/5/2017,3:57:10 PM,mobile,1.352246831,1.289635338,0.232593953,0.863672758,30,2,29.7271352,-95.2034999,29.7298860|29.7295405|29.7291613|29.7287373|29.7282365|29.7276618|29.7270327|29.7264192|29.7257662|29.7251030|29.7244278|29.7236497|,-95.2035340|-95.2035303|-95.2035252|-95.2035127|-95.2035095|-95.2035033|-95.2035012|-95.2034910|-95.2034933|-95.2034793|-95.2034658|-95.2034532|
9/5/2017,4:12:00 PM,mobile,6.45760466,9.865975689,1.982805877,22.09159759,30,2,29.7209944,-95.2034387,29.7196672|29.7198215|29.7200863|29.7204253|29.7207015|29.7209333|29.7211292|29.7213327|29.7215562|29.7218362|29.7220865|29.7223572|,-95.2034415|-95.2034508|-95.2034465|-95.2034310|-95.2034297|-95.2034357|-95.2034390|-95.2034382|-95.2034375|-95.2034423|-95.2034393|-95.2034333|
9/5/2017,4:31:06 PM,mobile,0.732467034,1.26044606,0.403009325,1.874745667,63,2,29.7160415,-95.2581991,29.7185842|29.7185837|29.7185808|29.7184815|29.7181565|29.7177880|29.7174250|29.7170077|29.7166368|29.7162992|29.7160968|29.7160347|29.7159447|29.7158125|29.7157452|29.7157225|29.7156403|29.7155025|29.7153763|29.7152792|29.7152187|29.7151688|29.7151180|29.7150838|29.7150762|29.7150937|29.7151077|29.7151138|29.7151010|29.7150983|29.7150843|29.7150807|29.7150855|29.7150930|29.7150778|29.7150785|29.7151960|29.7154122|29.7155905|29.7157690|29.7159923|29.7162367|29.7162970|29.7164105|29.7165675|29.7169010|29.7172003|,-95.2597718|-95.2598448|-95.2599820|-95.2601318|-95.2601385|-95.2601240|-95.2601195|-95.2600948|-95.2600843|-95.2600890|-95.2600755|-95.2600807|-95.2600887|-95.2600583|-95.2600137|-95.2599182|-95.2598612|-95.2598473|-95.2597903|-95.2595890|-95.2594135|-95.2592067|-95.2589690|-95.2587133|-95.2584695|-95.2581405|-95.2578373|-95.2575592|-95.2572943|-95.2569937|-95.2568073|-95.2566670|-95.2564373|-95.2562223|-95.2560955|-95.2559747|-95.2558718|-95.2558803|-95.2558657|-95.2558782|-95.2558742|-95.2558842|-95.2558965|-95.2559110|-95.2559200|-95.2559325|-95.2559390|
9/6/2017,10:13:20 AM,mobile,,,,,14,8,29.7338271,-95.0185428,29.7296002|29.7299385|29.7303317|29.7307437|29.7311225|29.7314128|29.7317252|29.7320498|29.7324032|29.7328310|29.7332252|29.7336443|29.7339247|29.7340597|29.7341447|29.7341853|29.7342210|29.7342525|29.7342942|29.7343397|29.7343993|29.7344850|29.7346337|29.7348813|29.7351853|29.7355260|29.7358987|29.7362722|29.7367235|29.7369157|29.7367523|29.7364237|29.7359072|29.7354200|29.7349580|29.7346252|29.7344342|29.7343557|29.7342777|29.7342087|29.7341167|29.7339385|29.7334932|29.7330412|29.7325957|29.7321710|29.7317857|,-95.0101122|-95.0105993|-95.0111423|-95.0117048|-95.0122337|-95.0127288|-95.0132777|-95.0138765|-95.0145017|-95.0152780|-95.0159677|-95.0166895|-95.0172942|-95.0177267|-95.0181033|-95.0184593|-95.0188007|-95.0191490|-95.0195790|-95.0200893|-95.0207227|-95.0213882|-95.0220333|-95.0226307|-95.0231260|-95.0235415|-95.0239682|-95.0244042|-95.0248683|-95.0251190|-95.0250147|-95.0246348|-95.0240445|-95.0234752|-95.0228343|-95.0221042|-95.0213310|-95.0205178|-95.0196898|-95.0188745|-95.0180702|-95.0173135|-95.0164255|-95.0156340|-95.0148592|-95.0141270|-95.0134438|
9/6/2017,10:34:44 AM,mobile,2.607457432,,2.3190308,6.872532027,19,7,29.7346707,-95.0196687,29.7320643|29.7324073|29.7327635|29.7331688|29.7335762|29.7339445|29.7341578|29.7342495|29.7343320|29.7344220|29.7346798|29.7350835|29.7356145|29.7361437|29.7366692|29.7372437|29.7378897|29.7385812|29.7392998|29.7397100|29.7395595|29.7391685|29.7385850|29.7379063|29.7372122|29.7366080|29.7360473|29.7354823|29.7349457|29.7345722|29.7343513|29.7342662|29.7341793|29.7340577|29.7337640|29.7333365|29.7328227|29.7324053|29.7319990|29.7317030|29.7316523|29.7316493|29.7316512|29.7316513|29.7315773|29.7313465|29.7310197|,-95.0138643|-95.0144887|-95.0151378|-95.0158573|-95.0165735|-95.0173452|-95.0182232|-95.0191160|-95.0200692|-95.0210553|-95.0221630|-95.0229905|-95.0236677|-95.0242715|-95.0248655|-95.0253833|-95.0257457|-95.0259628|-95.0261488|-95.0262862|-95.0262810|-95.0261358|-95.0259847|-95.0257755|-95.0254128|-95.0248418|-95.0242070|-95.0235673|-95.0228425|-95.0219808|-95.0208147|-95.0198158|-95.0188337|-95.0178598|-95.0169680|-95.0161815|-95.0152610|-95.0145228|-95.0137962|-95.0132882|-95.0132177|-95.0132197|-95.0132205|-95.0132207|-95.0130958|-95.0126905|-95.0121753|
9/6/2017,10:58:25 AM,mobile,7.071124056,,5.190760102,6.052618689,19,7,29.7337621,-95.0182985,29.7318252|29.7322082|29.7326430|29.7330883|29.7336552|29.7340255|29.7341948|29.7342902|29.7343957|29.7345505|29.7348908|29.7353780|,-95.0134713|-95.0141303|-95.0148940|-95.0157078|-95.0167163|-95.0176332|-95.0186427|-95.0196963|-95.0207768|-95.0218005|-95.0226975|-95.0234152|
9/6/2017,11:16:56 AM,mobile,0.319280502,0.512139136,0.151992088,0.603419367,19,7,29.735493,-94.9982119,29.7482052|29.7477220|29.7469988|29.7463348|29.7456313|29.7449060|29.7441812|29.7434495|29.7427175|29.7419673|29.7412205|29.7404813|29.7395900|29.7388203|29.7380743|29.7374005|29.7367453|29.7361565|29.7356710|29.7352753|29.7349867|29.7345173|29.7333798|29.7329522|29.7327360|29.7324995|29.7321670|29.7317985|29.7313993|29.7310770|29.7308968|29.7306667|29.7302708|29.7297185|29.7291598|29.7285920|29.7281002|29.7279642|29.7282398|29.7287305|29.7291587|29.7296070|29.7300545|29.7304908|29.7308708|29.7310940|,-94.9886263|-94.9889700|-94.9894887|-94.9899780|-94.9904993|-94.9910188|-94.9915408|-94.9920582|-94.9925843|-94.9931158|-94.9936492|-94.9941627|-94.9947972|-94.9953403|-94.9958585|-94.9963505|-94.9968232|-94.9972575|-94.9976013|-94.9978623|-94.9980400|-94.9983008|-94.9989658|-94.9992500|-94.9994068|-94.9995790|-94.9998267|-95.0000918|-95.0003840|-95.0005922|-95.0007232|-95.0008763|-95.0011578|-95.0015500|-95.0019560|-95.0023395|-95.0026965|-95.0029592|-95.0033145|-95.0039213|-95.0044340|-95.0049517|-95.0054652|-95.0059540|-95.0064973|-95.0069305|
9/6/2017,11:36:54 AM,mobile,0.297369095,0.612974821,0.234896864,1.061741711,11,6,29.7497609,-95.0294609,29.7377700|29.7385895|29.7393932|29.7401823|29.7409740|29.7418205|29.7428717|29.7436045|29.7438750|29.7438838|29.7438928|29.7439018|29.7439035|29.7439182|29.7441695|29.7446192|29.7451948|29.7458305|29.7466257|29.7472783|29.7479470|29.7486068|29.7490567|29.7494040|29.7498645|29.7504080|29.7509800|29.7515768|29.7523172|29.7529783|29.7536328|29.7542820|29.7549032|29.7553185|29.7554905|29.7556170|29.7558278|29.7560498|29.7562780|29.7564278|29.7568193|29.7573115|29.7578578|29.7584517|29.7590057|29.7595430|29.7600200|29.7602465|,-95.0257012|-95.0259590|-95.0261855|-95.0264153|-95.0266235|-95.0268353|-95.0270853|-95.0273743|-95.0275467|-95.0275663|-95.0275727|-95.0275770|-95.0275775|-95.0275805|-95.0277312|-95.0280372|-95.0284517|-95.0289080|-95.0295112|-95.0301168|-95.0307473|-95.0313865|-95.0318998|-95.0319357|-95.0317393|-95.0314830|-95.0312312|-95.0309673|-95.0306295|-95.0303517|-95.0300630|-95.0297688|-95.0294847|-95.0292775|-95.0293740|-95.0297717|-95.0303750|-95.0310578|-95.0317252|-95.0320615|-95.0318983|-95.0316847|-95.0314355|-95.0311683|-95.0309062|-95.0306490|-95.0303973|-95.0302995|
9/6/2017,12:00:50 PM,mobile,0.309889899,0.44579987,0.151992088,0.928160324,11,6,29.7684976,-95.0218165,29.7622285|29.7628608|29.7635515|29.7643210|29.7651612|29.7660182|29.7668648|29.7676878|29.7684615|29.7690200|29.7692098|29.7693003|29.7693102|29.7693233|29.7693368|29.7693593|29.7693760|29.7693905|29.7694110|29.7694290|29.7694398|29.7694582|29.7694737|29.7694777|29.7694967|29.7695113|29.7695225|29.7695350|29.7695460|29.7695542|29.7695690|29.7695862|29.7696020|29.7696293|29.7697123|29.7697188|29.7697253|29.7697285|29.7697375|29.7697498|29.7697255|29.7693457|29.7688997|29.7683882|29.7678470|29.7672292|29.7665548|,-95.0320535|-95.0319715|-95.0319502|-95.0319418|-95.0319220|-95.0319070|-95.0318933|-95.0318812|-95.0318637|-95.0318422|-95.0318333|-95.0316022|-95.0310263|-95.0301283|-95.0292912|-95.0284450|-95.0275632|-95.0267155|-95.0258287|-95.0249022|-95.0239522|-95.0230493|-95.0219295|-95.0209678|-95.0200483|-95.0191277|-95.0181920|-95.0173700|-95.0167968|-95.0163385|-95.0155910|-95.0149132|-95.0142685|-95.0137340|-95.0134580|-95.0134555|-95.0134553|-95.0134550|-95.0134402|-95.0134078|-95.0132838|-95.0128703|-95.0123813|-95.0118225|-95.0111733|-95.0105182|-95.0098135|
9/6/2017,12:19:32 PM,mobile,0.234765075,0.2441285,0.099025148,0.39153165,11,6,29.7535776,-94.9959582,29.7660568|29.7653910|29.7647025|29.7639895|29.7633283|29.7626558|29.7619565|29.7611475|29.7604703|29.7598348|29.7592722|29.7587827|29.7583145|29.7578618|29.7574135|29.7569705|29.7565352|29.7561068|29.7559133|29.7558485|29.7556782|29.7553700|29.7549853|29.7545647|29.7541020|29.7535475|29.7529142|29.7520920|29.7513207|29.7505325|29.7498268|29.7491842|29.7487497|29.7484065|29.7480157|29.7475790|29.7471283|29.7466483|29.7460478|29.7455435|29.7450283|29.7444952|29.7439442|29.7433660|29.7427812|29.7421763|29.7415690|,-95.0093085|-95.0086495|-95.0079750|-95.0073478|-95.0066705|-95.0060100|-95.0053560|-95.0045593|-95.0038880|-95.0031620|-95.0023598|-95.0015063|-95.0006228|-94.9997465|-94.9988830|-94.9980343|-94.9972050|-94.9964028|-94.9960327|-94.9958957|-94.9955685|-94.9949913|-94.9942607|-94.9934747|-94.9927028|-94.9919510|-94.9912547|-94.9904842|-94.9899293|-94.9894035|-94.9889103|-94.9884947|-94.9882907|-94.9884840|-94.9887613|-94.9890695|-94.9894023|-94.9897238|-94.9901383|-94.9904925|-94.9908745|-94.9912542|-94.9916542|-94.9920663|-94.9924923|-94.9929270|-94.9933612|
9/6/2017,12:37:28 PM,mobile,6.585942901,16.31149881,2.722040124,6.78271006,7,8,29.7352649,-95.0221365,29.7340495|29.7341788|29.7342625|29.7343742|29.7344650|29.7346900|29.7350545|29.7355225|29.7360183|29.7365440|29.7368570|29.7371620|,-95.0177703|-95.0186525|-95.0195148|-95.0205465|-95.0213812|-95.0221920|-95.0229230|-95.0235342|-95.0240958|-95.0247000|-95.0250240|-95.0253038|
9/6/2017,12:59:17 PM,mobile,0.701165024,0.392728457,0.218776491,1.345026375,7,8,29.7128614,-95.1712242,29.7128093|29.7128427|29.7128575|29.7128603|29.7128567|29.7128507|29.7128533|29.7128577|29.7128600|29.7128735|29.7128955|29.7129200|,-95.1693215|-95.1702978|-95.1709960|-95.1712632|-95.1712663|-95.1712637|-95.1712652|-95.1712643|-95.1712615|-95.1714570|-95.1720215|-95.1730123|
9/6/2017,1:23:25 PM,mobile,91.11389067,193.2011721,20.83673354,112.9799124,7,8,29.7100478,-95.2554567,29.7102377|29.7101545|29.7101100|29.7100863|29.7100880|29.7100708|29.7100558|29.7100158|29.7099352|29.7099273|29.7099385|29.7099532|,-95.2558793|-95.2556862|-95.2555903|-95.2555562|-95.2555600|-95.2555572|-95.2555115|-95.2553895|-95.2551843|-95.2551530|-95.2551832|-95.2552293|
9/6/2017,1:38:43 PM,static,0.253546281,0.642164098,0.26944052,1.58455162,6,8,29.7088887,-95.2788415, , 
9/6/2017,1:59:05 PM,static,0.190942261,0.315774908,0.119751342,0.462928598,6,8,29.708928,-95.2788643, , 
9/6/2017,2:13:37 PM,mobile,0.391275125,0.437839158,0.119751342,0.660997551,6,8,29.7709548,-95.3632022,29.7693828|29.7691522|29.7688895|29.7686438|29.7684668|29.7683165|29.7681638|29.7678525|29.7676982|29.7675232|29.7673672|29.7672447|29.7671727|29.7672088|29.7673375|29.7675958|29.7678348|29.7680788|29.7683100|29.7685380|29.7686908|29.7688422|29.7690058|29.7692315|29.7694492|29.7696873|29.7699143|29.7702135|29.7705750|29.7710693|29.7716343|29.7722135|29.7727173|29.7731827|29.7736172|29.7741178|29.7745598|29.7750503|29.7755297|29.7761255|29.7767667|29.7773792|29.7778560|29.7782525|29.7785875|29.7788757|,-95.3535787|-95.3540928|-95.3546653|-95.3551910|-95.3555797|-95.3559020|-95.3562495|-95.3570730|-95.3575005|-95.3580082|-95.3584803|-95.3589630|-95.3595232|-95.3600302|-95.3606193|-95.3612285|-95.3616385|-95.3620155|-95.3623570|-95.3627128|-95.3629408|-95.3631497|-95.3633743|-95.3636610|-95.3639425|-95.3642152|-95.3644545|-95.3647327|-95.3650237|-95.3654222|-95.3657998|-95.3661693|-95.3664457|-95.3667235|-95.3669813|-95.3672775|-95.3675515|-95.3678377|-95.3681227|-95.3685243|-95.3690738|-95.3698442|-95.3708113|-95.3721495|-95.3732563|-95.3744070|
9/6/2017,2:29:11 PM,mobile,0.300499296,0.581131973,0.115145521,0.532022419,6,8,29.7849794,-95.5954443,29.7848712|29.7848807|29.7848978|29.7849065|29.7849142|29.7849230|29.7849147|29.7849193|29.7849272|29.7849378|29.7849433|29.7849503|29.7849563|29.7849667|29.7849802|29.7849898|29.7849938|29.7850025|29.7850095|29.7850148|29.7850218|29.7850273|29.7850302|29.7850243|29.7850207|29.7850202|29.7850197|29.7850163|29.7850172|29.7850135|29.7850058|29.7850068|29.7850035|29.7850002|29.7849982|29.7850002|29.7849973|29.7849962|29.7849930|29.7849930|29.7849910|29.7849868|29.7849838|29.7849902|29.7849893|29.7849912|29.7849927|,-95.5762583|-95.5775690|-95.5791607|-95.5805062|-95.5818367|-95.5831988|-95.5846220|-95.5860958|-95.5875655|-95.5889642|-95.5902663|-95.5916050|-95.5926377|-95.5934833|-95.5943257|-95.5951362|-95.5955673|-95.5961410|-95.5968808|-95.5973578|-95.5978168|-95.5980795|-95.5983348|-95.5988375|-95.5991742|-95.5994118|-95.5996507|-95.5997938|-95.5999288|-95.6000193|-95.6000263|-95.6000563|-95.6002215|-95.6004273|-95.6005453|-95.6007538|-95.6010723|-95.6013013|-95.6014738|-95.6016927|-95.6019178|-95.6022337|-95.6025985|-95.6027845|-95.6028133|-95.6028172|-95.6029183|
9/6/2017,2:44:46 PM,mobile,0.259806683,0.313121337,0.094419327,0.419169179,7,7,29.7844086,-95.7319459,29.7853022|29.7853278|29.7853422|29.7853532|29.7853565|29.7853843|29.7854778|29.7855730|29.7856315|29.7856567|29.7856732|29.7856790|29.7856812|29.7856870|29.7856890|29.7856892|29.7856882|29.7856888|29.7856890|29.7856887|29.7856932|29.7856952|29.7857017|29.7857072|29.7857097|29.7857102|29.7857047|29.7856957|29.7856880|29.7856902|29.7856927|29.7856962|29.7856973|29.7856995|29.7855837|29.7851633|29.7843308|29.7835465|29.7827867|29.7820157|29.7812373|29.7804348|29.7796287|29.7788250|29.7780427|29.7774770|29.7770935|,-95.7175600|-95.7182773|-95.7191212|-95.7201922|-95.7213985|-95.7226613|-95.7239215|-95.7250955|-95.7262000|-95.7273277|-95.7284882|-95.7296267|-95.7310287|-95.7322147|-95.7332765|-95.7341437|-95.7346300|-95.7347008|-95.7347087|-95.7347085|-95.7347112|-95.7347118|-95.7347113|-95.7347152|-95.7347213|-95.7347367|-95.7347390|-95.7347412|-95.7347432|-95.7347453|-95.7347463|-95.7347488|-95.7349803|-95.7354543|-95.7358068|-95.7359443|-95.7359092|-95.7358625|-95.7358358|-95.7358255|-95.7358090|-95.7357143|-95.7356618|-95.7356448|-95.7356487|-95.7356560|-95.7356523|
9/6/2017,3:09:47 PM,mobile,0.178421457,0.199017799,0.064481492,0.251040882,7,7,29.7398549,-95.730794,29.7382602|29.7382593|29.7382567|29.7382558|29.7382555|29.7382602|29.7382653|29.7382582|29.7382957|29.7384057|29.7385328|29.7386825|29.7388690|29.7390958|29.7393558|29.7395867|29.7398763|29.7400967|29.7402638|29.7404575|29.7406915|29.7409105|29.7410373|29.7410257|29.7409597|29.7409242|29.7409458|29.7409435|29.7409280|29.7409533|29.7409730|29.7409642|29.7409613|29.7409563|29.7409523|29.7409753|29.7410295|29.7410715|29.7409472|29.7406397|29.7403703|29.7400925|29.7398242|29.7395478|29.7392688|29.7389740|29.7387223|,-95.7303547|-95.7303545|-95.7303535|-95.7303472|-95.7303415|-95.7303370|-95.7303518|-95.7304490|-95.7306402|-95.7309215|-95.7312078|-95.7314180|-95.7315492|-95.7315640|-95.7315013|-95.7314037|-95.7312588|-95.7311440|-95.7310883|-95.7310388|-95.7309988|-95.7309345|-95.7307978|-95.7305863|-95.7303713|-95.7302160|-95.7301738|-95.7301735|-95.7301898|-95.7302122|-95.7302757|-95.7302773|-95.7302805|-95.7302825|-95.7302885|-95.7303973|-95.7305835|-95.7308070|-95.7309600|-95.7310595|-95.7311375|-95.7312268|-95.7313520|-95.7314643|-95.7315740|-95.7315855|-95.7314875|
9/6/2017,3:25:57 PM,mobile,0.153379849,0.135332103,0.048361119,0.170431424,7,7,29.741304,-95.7288285,29.7410733|29.7410948|29.7411355|29.7411832|29.7412285|29.7412717|29.7413813|29.7414340|29.7414860|29.7415185|29.7415373|,-95.7279522|-95.7280235|-95.7281800|-95.7283797|-95.7285737|-95.7287405|-95.7290562|-95.7292785|-95.7295158|-95.7296615|-95.7297518|
9/6/2017,3:45:10 PM,mobile,0.306759698,0.360885609,0.115145521,0.409956669,15,7,29.7391097,-95.7303888,29.7409637|29.7410237|29.7410675|29.7410362|29.7408220|29.7405738|29.7402850|29.7399208|29.7395698|29.7392303|29.7389135|29.7386103|29.7384198|29.7383060|29.7381588|29.7380093|29.7378542|29.7377403|29.7376173|29.7377058|29.7378272|29.7379115|29.7379553|,-95.7302167|-95.7304267|-95.7306423|-95.7308805|-95.7309743|-95.7310600|-95.7311465|-95.7312760|-95.7314203|-95.7315548|-95.7315612|-95.7313268|-95.7310235|-95.7307173|-95.7304315|-95.7301342|-95.7298028|-95.7294960|-95.7291988|-95.7289662|-95.7288998|-95.7288352|-95.7289500|
9/6/2017,4:18:19 PM,mobile,0.18781206,0.183096375,0.066784402,0.327044084,15,7,29.7548252,-95.7364883,29.7557832|29.7556553|29.7556560|29.7556272|29.7555517|29.7554597|29.7554422|29.7557115|29.7562213|29.7568033|29.7574100|29.7579970|29.7585672|29.7590583|29.7591553|29.7592728|29.7593913|29.7594733|29.7595168|29.7595128|29.7594603|29.7591315|29.7585657|29.7578280|29.7569998|29.7561055|29.7553903|29.7546485|29.7538735|29.7531113|29.7524003|29.7520503|29.7520727|29.7519807|29.7515695|29.7510727|29.7508070|29.7506677|29.7505947|29.7504647|29.7503347|29.7502977|29.7506050|29.7510050|29.7512053|29.7510622|29.7506962|29.7503445|,-95.7343637|-95.7346447|-95.7352123|-95.7359988|-95.7366438|-95.7372527|-95.7375208|-95.7376092|-95.7377487|-95.7379075|-95.7380658|-95.7382143|-95.7383622|-95.7384822|-95.7383605|-95.7378128|-95.7371780|-95.7365178|-95.7357948|-95.7349557|-95.7344263|-95.7344155|-95.7344052|-95.7344080|-95.7343903|-95.7343887|-95.7343815|-95.7343685|-95.7343558|-95.7343415|-95.7343317|-95.7344132|-95.7347333|-95.7349328|-95.7351435|-95.7356240|-95.7362275|-95.7368637|-95.7372238|-95.7378300|-95.7384952|-95.7388448|-95.7389820|-95.7390833|-95.7391002|-95.7391500|-95.7390255|-95.7389048|
9/6/2017,4:58:57 PM,mobile,0.225374472,0.273317777,0.227988132,0.962707234,16,6,29.7734784,-95.7353142,29.7651203|29.7659043|29.7668100|29.7675363|29.7682775|29.7690027|29.7696887|29.7702168|29.7703315|29.7703308|29.7703265|29.7705020|29.7711318|29.7717677|29.7724585|29.7732187|29.7739823|29.7747028|29.7753528|29.7757602|29.7758770|29.7758768|29.7758758|29.7758810|29.7758827|29.7758817|29.7758858|29.7759035|29.7760827|29.7765635|29.7772282|29.7779370|29.7787135|29.7792137|29.7796680|29.7803302|,-95.7346928|-95.7346837|-95.7346880|-95.7347613|-95.7349545|-95.7351770|-95.7353140|-95.7353270|-95.7353348|-95.7353382|-95.7353452|-95.7353402|-95.7353450|-95.7353273|-95.7353192|-95.7353328|-95.7353868|-95.7354202|-95.7354262|-95.7354293|-95.7354378|-95.7354420|-95.7354513|-95.7354545|-95.7354562|-95.7354583|-95.7354553|-95.7354617|-95.7354687|-95.7354670|-95.7354705|-95.7354648|-95.7354635|-95.7354508|-95.7354590|-95.7355045|
9/6/2017,5:17:01 PM,mobile,0.294238894,0.421917734,0.131265894,0.559659947,16,6,29.7917142,-95.565845,29.7843485|29.7843425|29.7843342|29.7842992|29.7842553|29.7842243|29.7841942|29.7841808|29.7841742|29.7841668|29.7841657|29.7841663|29.7841650|29.7842163|29.7845493|29.7851745|29.7860335|29.7872337|29.7882760|29.7893573|29.7904765|29.7916657|29.7929228|29.7942092|29.7954615|29.7969853|29.7982703|29.7995152|29.8007545|29.8020488|29.8033560|29.8046418|29.8059337|29.8072352|29.8085295|29.8098478|,-95.5729273|-95.5727385|-95.5725168|-95.5720915|-95.5715165|-95.5709662|-95.5703948|-95.5698023|-95.5690128|-95.5682887|-95.5676227|-95.5669598|-95.5662512|-95.5654143|-95.5645242|-95.5637163|-95.5631257|-95.5628658|-95.5628795|-95.5629623|-95.5630235|-95.5630547|-95.5631170|-95.5632070|-95.5632797|-95.5633222|-95.5633802|-95.5634100|-95.5634283|-95.5634553|-95.5634818|-95.5635072|-95.5635368|-95.5635442|-95.5635475|-95.5635475|
9/6/2017,5:31:32 PM,mobile,0.679253617,0.806685479,0.246411416,1.068651093,10,5,29.8498757,-95.507075,29.8551448|29.8549968|29.8548837|29.8547425|29.8545557|29.8543440|29.8541460|29.8539313|29.8536847|29.8534330|29.8531693|29.8528453|29.8524778|29.8519685|29.8515288|29.8510648|29.8505938|29.8501233|29.8496702|29.8492295|29.8488097|29.8484085|29.8480048|29.8475510|29.8469818|29.8465310|29.8462228|29.8459737|29.8457430|29.8455697|29.8454248|29.8452507|29.8450245|29.8447413|29.8444400|29.8443132|,-95.5164160|-95.5161595|-95.5159477|-95.5157010|-95.5153663|-95.5150018|-95.5146432|-95.5142675|-95.5138420|-95.5133925|-95.5129262|-95.5123623|-95.5116753|-95.5107748|-95.5099902|-95.5091637|-95.5083230|-95.5074932|-95.5066840|-95.5059100|-95.5051688|-95.5044575|-95.5037433|-95.5029508|-95.5019370|-95.5011423|-95.5005985|-95.5001448|-95.4997390|-95.4994293|-95.4991710|-95.4988623|-95.4984642|-95.4979947|-95.4975245|-95.4973317|
9/6/2017,5:46:05 PM,mobile,0.482050954,0.796071196,0.225685222,1.11471364,10,5,29.8125765,-95.426537,29.8125378|29.8125397|29.8125405|29.8125415|29.8125425|29.8125483|29.8125547|29.8125605|29.8125722|29.8125792|29.8125735|29.8125665|29.8125608|29.8125655|29.8125650|29.8125658|29.8125698|29.8125828|29.8125857|29.8125912|29.8125992|29.8125962|29.8125978|29.8125917|29.8125840|29.8125890|29.8125928|29.8125950|29.8125945|29.8125810|29.8125905|29.8125908|29.8125927|29.8126030|29.8126077|29.8126032|,-95.4286363|-95.4285573|-95.4283142|-95.4280302|-95.4278590|-95.4277427|-95.4276072|-95.4274523|-95.4273610|-95.4272582|-95.4271622|-95.4270678|-95.4269998|-95.4269278|-95.4268670|-95.4267798|-95.4266975|-95.4266430|-95.4266208|-95.4266037|-95.4265355|-95.4264950|-95.4264280|-95.4263767|-95.4263018|-95.4262577|-95.4261518|-95.4260863|-95.4259858|-95.4258140|-95.4253882|-95.4249885|-95.4246052|-95.4241365|-95.4235910|-95.4230013|
9/6/2017,6:00:37 PM,mobile,0.262936884,0.453760582,0.10823679,0.44450358,10,5,29.7624777,-95.4091308,29.7665565|29.7665548|29.7665525|29.7664625|29.7663062|29.7662238|29.7661088|29.7658090|29.7653408|29.7646945|29.7637943|29.7631022|29.7624987|29.7621527|29.7620355|29.7619320|29.7619045|29.7619037|29.7618417|29.7617492|29.7616430|29.7614280|29.7611260|29.7609318|29.7607495|29.7605482|29.7603212|29.7601520|29.7599900|29.7599045|29.7598478|29.7598390|29.7598292|29.7598267|29.7598100|29.7597268|,-95.4103362|-95.4103358|-95.4103355|-95.4102913|-95.4101917|-95.4101365|-95.4100260|-95.4097937|-95.4095462|-95.4094008|-95.4093547|-95.4092878|-95.4091913|-95.4090863|-95.4090350|-95.4089932|-95.4089945|-95.4089842|-95.4089553|-95.4089428|-95.4089073|-95.4088448|-95.4087578|-95.4087060|-95.4086615|-95.4086097|-95.4085588|-95.4085228|-95.4084868|-95.4084857|-95.4084852|-95.4084845|-95.4084865|-95.4084993|-95.4084993|-95.4084955|
9/6/2017,6:15:58 PM,mobile,0.18781206,0.209632082,0.073693134,0.285587792,10,5,29.7501688,-95.4267123,29.7507237|29.7506598|29.7506255|29.7505870|29.7505492|29.7505178|29.7504875|29.7504632|29.7504633|29.7504627|29.7504307|29.7503342|29.7501692|29.7499775|29.7498262|29.7497657|29.7496822|29.7496645|29.7496928|29.7496665|29.7496208|29.7496288|29.7496870|29.7497785|29.7499172|29.7501085|29.7503140|29.7504920|29.7506550|29.7507372|29.7507537|29.7505888|29.7501047|29.7497403|29.7496218|29.7495797|,-95.4192613|-95.4196252|-95.4199022|-95.4203133|-95.4207998|-95.4211282|-95.4216218|-95.4220952|-95.4223505|-95.4228065|-95.4233550|-95.4237853|-95.4242488|-95.4248190|-95.4253917|-95.4256540|-95.4260425|-95.4263060|-95.4263275|-95.4266650|-95.4271580|-95.4278785|-95.4285163|-95.4291702|-95.4298138|-95.4304273|-95.4310258|-95.4316145|-95.4322283|-95.4328620|-95.4330853|-95.4331960|-95.4331723|-95.4331882|-95.4330945|-95.4327143|
9/6/2017,6:31:25 PM,mobile,0.172161055,0.196364228,0.064481492,0.262556518,359,3,29.7494553,-95.4409577,29.7507303|29.7507333|29.7506575|29.7505535|29.7503687|29.7501613|29.7500078|29.7499338|29.7498748|29.7497677|29.7496600|29.7496655|29.7497113|29.7496888|29.7496045|29.7495372|29.7495603|29.7495632|29.7495818|29.7496220|29.7496485|29.7496577|29.7496373|29.7495970|29.7495188|29.7494668|29.7494428|29.7492348|29.7488848|29.7484635|29.7480307|29.7476873|29.7475413|29.7475553|29.7475857|,-95.4334598|-95.4339862|-95.4345405|-95.4351077|-95.4356218|-95.4362478|-95.4367667|-95.4370322|-95.4372703|-95.4377255|-95.4381857|-95.4385547|-95.4390052|-95.4395875|-95.4400795|-95.4405795|-95.4411120|-95.4415407|-95.4417045|-95.4420722|-95.4425485|-95.4430720|-95.4436177|-95.4441395|-95.4446757|-95.4452247|-95.4457642|-95.4459925|-95.4460337|-95.4461087|-95.4460617|-95.4457610|-95.4453057|-95.4447825|-95.4442525|
9/6/2017,7:11:02 PM,static,0.37562412,0.822606903,0.133568805,0.612631876,359,3,29.7539636,-95.4109995, , 
9/7/2017,9:21:26 AM,static,0.447618743,0.886292598,0.280955072,0.960404107,47,3,29.7214091,-95.3997569, , 
9/7/2017,9:50:24 AM,mobile,0.497701959,0.687274799,0.257925968,0.760032027,50,3,29.7342857,-95.3908108,29.7328155|29.7328418|29.7328962|29.7329552|29.7331975|29.7335992|29.7340287|29.7343175|29.7344290|29.7344608|29.7344745|29.7345095|29.7345053|29.7344865|29.7344998|29.7345123|29.7345127|29.7345257|29.7345177|29.7345127|29.7345082|29.7345015|29.7344667|29.7344465|29.7344643|29.7344982|29.7345230|29.7346258|29.7347305|29.7347265|29.7347343|29.7347305|29.7347118|29.7347005|29.7346650|29.7346532|,-95.3955878|-95.3959258|-95.3962060|-95.3964025|-95.3964490|-95.3964627|-95.3964620|-95.3964878|-95.3963902|-95.3959060|-95.3953870|-95.3948503|-95.3943197|-95.3937240|-95.3930938|-95.3924517|-95.3917845|-95.3911158|-95.3904943|-95.3898588|-95.3892465|-95.3886392|-95.3880310|-95.3874042|-95.3867495|-95.3863180|-95.3859327|-95.3856088|-95.3853315|-95.3852595|-95.3852215|-95.3852455|-95.3852453|-95.3851928|-95.3851997|-95.3852028|
9/7/2017,10:04:54 AM,mobile,1.593272308,1.30024962,0.331619101,2.793693482,50,3,29.7037223,-95.2977283,29.7141140|29.7134158|29.7127027|29.7119860|29.7111343|29.7104553|29.7097925|29.7091697|29.7086018|29.7081695|29.7076643|29.7070443|29.7063433|29.7056873|29.7051227|29.7045698|29.7039963|29.7034273|29.7028590|29.7021997|29.7016477|29.7009960|29.7002555|29.6995222|29.6988160|29.6981105|29.6974373|29.6968710|29.6965402|29.6965583|29.6969872|29.6974190|29.6978712|29.6983470|29.6988342|29.6993345|,-95.3139872|-95.3129068|-95.3118347|-95.3107743|-95.3095320|-95.3085212|-95.3075312|-95.3066168|-95.3057732|-95.3051185|-95.3043878|-95.3034623|-95.3024562|-95.3014993|-95.3006323|-95.2997688|-95.2988733|-95.2979853|-95.2970973|-95.2960685|-95.2952093|-95.2943930|-95.2936747|-95.2929640|-95.2922125|-95.2913662|-95.2904498|-95.2895498|-95.2886458|-95.2874472|-95.2866238|-95.2858578|-95.2850387|-95.2841813|-95.2833235|-95.2824548|
9/7/2017,10:20:32 AM,static,49.42587377,144.5320328,19.85799661,111.3907545,50,3,29.7124858,-95.2567766, , 
9/7/2017,10:35:40 AM,mobile,2.529202407,1.334746039,0.343133654,2.713084024,35,4,29.707303,-95.2524303,29.7063192|29.7063538|29.7064010|29.7064495|29.7065223|29.7066502|29.7067815|29.7069233|29.7070597|29.7071728|29.7072685|29.7073667|29.7074200|29.7075145|29.7075520|29.7076257|29.7076718|29.7076995|29.7077368|29.7078350|29.7079737|29.7081333|29.7083365|29.7085058|,-95.2454575|-95.2458788|-95.2464057|-95.2470413|-95.2478855|-95.2486225|-95.2493683|-95.2501235|-95.2508337|-95.2514437|-95.2520143|-95.2525508|-95.2529022|-95.2533795|-95.2535947|-95.2540202|-95.2544513|-95.2549898|-95.2556032|-95.2564013|-95.2572865|-95.2582237|-95.2594122|-95.2604370|
9/7/2017,10:50:32 AM,mobile,0.672993215,0.628896245,0.165809551,0.946585343,35,4,29.7327982,-95.2425328,29.7364547|29.7361877|29.7358735|29.7355145|29.7351248|29.7347043|29.7343018|29.7339060|29.7334168|29.7330395|29.7326872|29.7323320|29.7320737|29.7319737|29.7319450|29.7319653|29.7320087|29.7320630|29.7321037|29.7321473|29.7321912|29.7322593|29.7323467|29.7324083|29.7324278|29.7324125|29.7324170|29.7324185|29.7324227|29.7324158|29.7324237|29.7324318|29.7324365|29.7324390|29.7324408|29.7324383|29.7324423|29.7324438|29.7324417|29.7324387|29.7324363|29.7324132|29.7323947|29.7324088|29.7324242|29.7324283|29.7324277|29.7324255|29.7324323|29.7324420|29.7324603|29.7324805|29.7325057|29.7325245|29.7325430|29.7325727|29.7325943|29.7326188|29.7326432|,-95.2628313|-95.2624057|-95.2619083|-95.2613643|-95.2607850|-95.2601608|-95.2595478|-95.2589598|-95.2582507|-95.2576763|-95.2571248|-95.2565817|-95.2559768|-95.2553125|-95.2546298|-95.2539447|-95.2532882|-95.2527233|-95.2521445|-95.2515205|-95.2508763|-95.2501898|-95.2494715|-95.2487217|-95.2479355|-95.2469670|-95.2461390|-95.2453050|-95.2444787|-95.2436515|-95.2428700|-95.2420762|-95.2413102|-95.2405367|-95.2397210|-95.2388688|-95.2380063|-95.2369553|-95.2360785|-95.2352092|-95.2343587|-95.2335268|-95.2326753|-95.2318022|-95.2309093|-95.2299943|-95.2290882|-95.2280322|-95.2271093|-95.2261585|-95.2251955|-95.2242615|-95.2233218|-95.2223652|-95.2214310|-95.2205053|-95.2196015|-95.2187272|-95.2178650|
9/7/2017,11:14:39 AM,mobile,1.148783766,1.374549598,0.315498728,1.743467408,35,4,29.6929424,-95.2611097,29.6820633|29.6819472|29.6818898|29.6819243|29.6821143|29.6823797|29.6827370|29.6831020|29.6834793|29.6838797|29.6843087|29.6847052|29.6849162|29.6849362|29.6849403|29.6849497|29.6851173|29.6854813|29.6859303|29.6864068|29.6869725|29.6875778|29.6882018|29.6887978|29.6894227|29.6900690|29.6908368|29.6914858|29.6921337|29.6927840|29.6934282|29.6940495|29.6946140|29.6950718|29.6955107|29.6960265|29.6966232|29.6972317|29.6978122|29.6983855|29.6989727|29.6996772|29.7002367|29.7007575|29.7010730|29.7011825|29.7014020|29.7016328|29.7017993|29.7020125|29.7023810|29.7028702|29.7035020|29.7040353|29.7045340|29.7050270|29.7055452|29.7060858|29.7066312|,-95.2485613|-95.2490942|-95.2496830|-95.2503337|-95.2511465|-95.2517882|-95.2523797|-95.2529667|-95.2535637|-95.2540820|-95.2544908|-95.2548520|-95.2550530|-95.2550630|-95.2550597|-95.2550600|-95.2552085|-95.2555450|-95.2559872|-95.2565097|-95.2570400|-95.2575938|-95.2581638|-95.2587238|-95.2593130|-95.2599093|-95.2606248|-95.2612207|-95.2618213|-95.2624335|-95.2630457|-95.2636288|-95.2641570|-95.2645690|-95.2649760|-95.2654768|-95.2660102|-95.2665428|-95.2670923|-95.2676577|-95.2682090|-95.2688695|-95.2694063|-95.2699112|-95.2701992|-95.2702228|-95.2699460|-95.2694575|-95.2688537|-95.2682342|-95.2677083|-95.2673382|-95.2668907|-95.2665128|-95.2661658|-95.2658078|-95.2654540|-95.2651028|-95.2647548|
9/7/2017,11:31:21 AM,static,2.144187684,0.644817669,0.135871715,0.621844386,22,4,29.7064882,-95.2611733, , 
9/7/2017,11:49:28 AM,mobile,2.294437332,1.600103104,0.264834699,2.049783346,22,4,29.7118079,-95.1318292,29.7115433|29.7115722|29.7115892|29.7116002|29.7116137|29.7116425|29.7116642|29.7116997|29.7117308|29.7117972|29.7118403|29.7118527|29.7118282|29.7117887|29.7117733|29.7117528|29.7117435|29.7117503|29.7117572|29.7117587|29.7117705|29.7118063|29.7118363|29.7118728|29.7118678|29.7118397|29.7117578|29.7116940|29.7116797|29.7117110|29.7117520|29.7117810|29.7118132|29.7118655|29.7118967|29.7119033|29.7118948|29.7119038|29.7119107|29.7119263|29.7119397|29.7119630|29.7119745|29.7119917|29.7120312|29.7121085|29.7121803|,-95.1171178|-95.1179908|-95.1188357|-95.1196697|-95.1206480|-95.1214757|-95.1223137|-95.1231560|-95.1239468|-95.1247138|-95.1254872|-95.1262593|-95.1269745|-95.1272552|-95.1272615|-95.1272650|-95.1272647|-95.1272657|-95.1272690|-95.1272687|-95.1273520|-95.1277690|-95.1284108|-95.1291795|-95.1300272|-95.1309243|-95.1320220|-95.1329150|-95.1337778|-95.1346387|-95.1354995|-95.1363447|-95.1373498|-95.1381953|-95.1389980|-95.1397042|-95.1400922|-95.1406418|-95.1413193|-95.1420938|-95.1429128|-95.1439503|-95.1448180|-95.1456703|-95.1464910|-95.1473078|-95.1481283|
9/7/2017,1:28:14 PM,static,0.262936884,,,,25,3,29.6700981,-95.1284994, , 
9/7/2017,12:24:32 PM,static,0.331801306,0.498871283,0.16120373,0.686331952,22,4,29.6486896,-95.1540907, , 
9/7/2017,2:41:10 PM,mobile,0.698034823,0.737692642,0.156597909,0.794578937,40,4,29.7117729,-95.1322469,29.7118355|29.7118570|29.7118785|29.7118660|29.7118210|29.7117665|29.7117182|29.7116782|29.7116775|29.7116978|29.7117327|29.7117463|,-95.1281930|-95.1288550|-95.1296087|-95.1303650|-95.1311415|-95.1318868|-95.1326208|-95.1333345|-95.1340390|-95.1347950|-95.1356928|-95.1364302|
9/7/2017,2:56:16 PM,mobile,0.478920753,0.599706968,0.195747386,0.884400904,40,4,29.7090297,-95.242271,29.7097385|29.7096843|29.7096213|29.7095548|29.7094775|29.7094122|29.7093405|29.7092742|29.7092055|29.7091278|29.7090525|29.7089735|29.7088977|29.7088215|29.7087477|29.7086667|29.7085950|29.7085218|29.7084445|29.7084012|29.7083750|29.7083710|29.7084003|29.7084557|29.7085333|29.7086380|29.7087622|29.7089695|29.7091842|29.7093907|29.7096100|29.7096948|29.7094410|29.7092848|29.7093703|,-95.2293490|-95.2299838|-95.2306978|-95.2314560|-95.2323907|-95.2331623|-95.2339327|-95.2347093|-95.2355092|-95.2363302|-95.2371343|-95.2379082|-95.2386847|-95.2394677|-95.2402830|-95.2410960|-95.2418900|-95.2426613|-95.2435395|-95.2442505|-95.2449602|-95.2456827|-95.2464020|-95.2471382|-95.2478598|-95.2485580|-95.2492182|-95.2499508|-95.2505315|-95.2511240|-95.2517295|-95.2523183|-95.2527955|-95.2531557|-95.2536243|
9/7/2017,3:10:59 PM,mobile,0.482050954,0.573171261,0.184232834,0.796882065,40,4,29.7165099,-95.2559725,29.7150412|29.7150577|29.7150793|29.7151155|29.7151255|29.7151372|29.7152735|29.7155237|29.7157627|29.7160227|29.7163075|29.7164963|29.7165188|29.7165110|29.7165100|29.7165045|29.7165088|29.7166247|29.7168653|29.7171278|29.7172225|29.7172322|29.7172178|29.7172127|29.7172062|29.7172013|29.7172032|29.7171843|29.7171895|29.7172060|29.7172045|29.7172042|29.7171930|29.7171845|29.7171960|29.7171840|,-95.2576683|-95.2573410|-95.2569862|-95.2566118|-95.2562193|-95.2559810|-95.2558852|-95.2558893|-95.2558938|-95.2559033|-95.2559242|-95.2558858|-95.2556487|-95.2553063|-95.2549013|-95.2544737|-95.2540808|-95.2538933|-95.2538845|-95.2538895|-95.2540528|-95.2543407|-95.2546583|-95.2550817|-95.2554315|-95.2557687|-95.2559368|-95.2562177|-95.2565285|-95.2568627|-95.2572263|-95.2575893|-95.2579060|-95.2580898|-95.2583468|-95.2587042|
9/7/2017,3:35:22 PM,mobile,9.209051338,26.11909594,3.599448997,22.99212038,45,2,29.710839,-95.2572787,29.7106880|29.7104958|29.7103158|29.7102662|29.7104202|29.7105790|29.7107782|29.7109673|29.7111487|29.7113217|29.7114742|29.7116128|,-95.2570658|-95.2565828|-95.2561512|-95.2560202|-95.2560625|-95.2564885|-95.2569703|-95.2574623|-95.2579543|-95.2584377|-95.2588777|-95.2592708|
9/7/2017,3:56:08 PM,static,0.475790552,0.344964185,0.147386267,0.732394499,45,2,29.7158091,-95.2552026, , 
9/7/2017,4:16:05 PM,mobile,2.375822558,6.556973084,1.103094094,6.324387717,45,2,29.7121417,-95.2593546,29.7181792|29.7176653|29.7170128|29.7162758|29.7154958|29.7147103|29.7139260|29.7131863|29.7125668|29.7121165|29.7116803|29.7114398|29.7117108|29.7122798|29.7127338|29.7128463|29.7127310|29.7125713|29.7123115|29.7120795|29.7118688|29.7116920|29.7114813|29.7112502|29.7110152|29.7107103|29.7104818|29.7102522|29.7100148|29.7097920|29.7096030|29.7094632|29.7092765|29.7090613|29.7088793|29.7087408|,-95.2601702|-95.2601087|-95.2600227|-95.2599837|-95.2599548|-95.2600003|-95.2602512|-95.2607062|-95.2613547|-95.2621395|-95.2629853|-95.2635492|-95.2638457|-95.2638983|-95.2637115|-95.2635175|-95.2630772|-95.2624603|-95.2616403|-95.2610472|-95.2604908|-95.2599213|-95.2593285|-95.2586595|-95.2579540|-95.2571555|-95.2565270|-95.2559227|-95.2552560|-95.2546742|-95.2544250|-95.2544230|-95.2544740|-95.2544685|-95.2543768|-95.2542853|
9/7/2017,4:50:44 PM,static,0.350582512,0.599706968,0.151992088,0.79227581,40,3,29.7101954,-95.1246958, , 
9/7/2017,5:23:58 PM,static,0.366233517,0.636856957,0.181929924,1.020285418,40,3,29.7101564,-95.1246443, , 
9/7/2017,5:49:59 PM,mobile,1.752912559,1.454156718,0.352345295,1.844805011,38,3,29.7117611,-95.1381849,29.7117147|29.7117535|29.7117665|29.7118085|29.7118063|29.7118122|29.7119373|29.7119518|29.7118352|29.7116962|29.7115987|29.7115913|29.7115833|29.7115855|29.7115753|29.7115858|29.7115993|29.7115810|29.7115833|29.7115985|29.7116058|29.7116235|29.7116452|29.7116713|29.7116987|29.7117250|29.7117535|29.7117840|29.7118315|29.7119152|29.7119888|29.7120440|29.7120955|29.7121343|29.7121592|,-95.1243505|-95.1250218|-95.1258925|-95.1267673|-95.1275705|-95.1283405|-95.1291942|-95.1301655|-95.1312385|-95.1323163|-95.1333362|-95.1342702|-95.1350615|-95.1356177|-95.1361883|-95.1366862|-95.1371435|-95.1375735|-95.1381297|-95.1388010|-95.1394583|-95.1402590|-95.1411313|-95.1421433|-95.1429903|-95.1439568|-95.1449520|-95.1459963|-95.1470593|-95.1481498|-95.1492893|-95.1504367|-95.1515417|-95.1523833|-95.1530573|
9/7/2017,6:05:15 PM,mobile,0.516483165,0.671353375,0.267137609,2.558774491,38,3,29.7087282,-95.2134152,29.7106067|29.7106907|29.7107800|29.7108427|29.7109005|29.7108963|29.7107285|29.7102447|29.7096677|29.7090662|29.7084982|29.7071598|29.7065520|29.7059472|29.7054618|29.7053382|29.7053358|29.7053355|29.7053362|29.7053337|29.7053510|29.7055477|29.7058938|29.7063357|29.7067925|29.7072260|29.7076370|29.7081272|29.7083950|29.7085398|29.7088433|29.7090498|29.7094240|29.7098858|29.7102703|29.7104237|29.7105182|29.7105705|29.7106302|29.7106992|29.7107920|29.7108647|29.7108545|29.7108745|29.7108958|29.7107583|29.7103030|,-95.2145922|-95.2137433|-95.2129178|-95.2122783|-95.2119405|-95.2118060|-95.2116760|-95.2116528|-95.2116373|-95.2116397|-95.2116387|-95.2116483|-95.2116372|-95.2116293|-95.2116280|-95.2118127|-95.2123152|-95.2129813|-95.2137185|-95.2144417|-95.2149728|-95.2150270|-95.2150193|-95.2150233|-95.2149155|-95.2148645|-95.2148733|-95.2148908|-95.2148710|-95.2150347|-95.2152540|-95.2156212|-95.2157333|-95.2157005|-95.2155608|-95.2155007|-95.2152615|-95.2146877|-95.2139982|-95.2132177|-95.2124355|-95.2118840|-95.2118125|-95.2118048|-95.2118010|-95.2117087|-95.2117030|
9/7/2017,6:21:44 PM,mobile,0.892107285,1.263099631,0.43064425,3.903800867,38,3,29.70934,-95.2199002,29.7058590|29.7063297|29.7068113|29.7073435|29.7078947|29.7084490|29.7089692|29.7093443|29.7094477|29.7094487|29.7094523|29.7094515|29.7094555|29.7094618|29.7094657|29.7094705|29.7094788|29.7095410|29.7098870|29.7105042|29.7109947|29.7116543|29.7123692|29.7130758|,-95.2198460|-95.2198608|-95.2198797|-95.2198875|-95.2198997|-95.2199188|-95.2199338|-95.2199373|-95.2199253|-95.2198923|-95.2198857|-95.2198760|-95.2198717|-95.2198833|-95.2198833|-95.2198828|-95.2198817|-95.2198810|-95.2198687|-95.2199425|-95.2199700|-95.2199807|-95.2199830|-95.2198323|
9/7/2017,6:35:29 PM,mobile,0.6260402,0.748306924,0.204959028,1.054832329,36,2,29.7108076,-95.2061358,29.7107943|29.7107843|29.7107897|29.7107903|29.7107843|29.7107760|29.7107787|29.7107862|29.7107918|29.7108190|29.7108263|29.7108215|29.7108160|29.7107857|29.7108003|29.7108115|29.7108213|29.7108307|29.7108195|29.7108208|29.7108137|29.7108167|29.7108952|,-95.2109942|-95.2105855|-95.2101362|-95.2097382|-95.2095805|-95.2091988|-95.2087367|-95.2082240|-95.2076918|-95.2071812|-95.2066665|-95.2061267|-95.2055920|-95.2049800|-95.2045298|-95.2040868|-95.2036377|-95.2031715|-95.2027242|-95.2022753|-95.2018940|-95.2016927|-95.2016788|
9/7/2017,6:49:10 PM,mobile,4.282114966,10.72307901,1.612037299,8.802552751,36,2,29.7107169,-95.2572038,29.7116945|29.7115132|29.7112725|29.7110162|29.7107757|29.7105635|29.7103825|29.7102158|29.7101207|29.7101642|29.7103580|29.7105258|,-95.2600242|-95.2594705|-95.2587645|-95.2580425|-95.2574127|-95.2568680|-95.2563790|-95.2559420|-95.2557037|-95.2556277|-95.2558733|-95.2563373|
9/7/2017,7:02:02 PM,static,0.619779798,,,,36,2,29.7150561,-95.2559818, , 
9/7/2017,7:57:38 PM,static,19.98946358,57.18710115,7.440703589,41.37798606,54,1,29.7149883,-95.2559611, , 
9/8/2017,8:49:45 AM,static,2.219312508,2.767674191,0.905043798,3.014793708,43,3,29.7158527,-95.2552584, , 
9/8/2017,9:02:12 AM,static,2.278786327,2.677452789,0.686267307,3.521481726,43,3,29.7158036,-95.2552011, , 
9/8/2017,9:14:40 AM,static,2.75770708,2.942809855,0.748445889,3.406325358,43,3,29.7157839,-95.2552076, , 
9/8/2017,9:45:24 AM,mobile,2.197401101,2.534159974,0.571121786,3.141465712,41,3,29.7172154,-95.2599008,29.7153678|29.7155602|29.7157908|29.7161548|29.7165670|29.7170067|29.7174758|29.7179890|29.7183390|29.7184462|29.7187280|29.7191595|,-95.2597362|-95.2597803|-95.2597737|-95.2597857|-95.2597813|-95.2598248|-95.2599237|-95.2600140|-95.2600338|-95.2600393|-95.2600550|-95.2600622|
9/8/2017,10:05:55 AM,mobile,2.234963513,2.366985023,0.520457756,3.026309344,41,3,29.7182537,-95.2659353,29.7128623|29.7140205|29.7150295|29.7160780|29.7171867|29.7183163|29.7194143|29.7204958|29.7215210|29.7224878|29.7233787|,-95.2659353|-95.2659445|-95.2659520|-95.2659432|-95.2659337|-95.2659317|-95.2659223|-95.2659202|-95.2659172|-95.2659158|-95.2659723|
9/8/2017,10:19:02 AM,static,0.021911407,0.061032125,0.039149477,0.421472306,41,3,29.7208478,-95.2609688, , 
9/8/2017,10:46:15 AM,static,2.188010498,4.322666594,0.921164171,5.488352487,61,3,29.7137439,-95.2601196, , 
9/8/2017,11:16:15 AM,static,0.879586481,,,,61,3,29.7137268,-95.2600577, , 
9/8/2017,12:11:49 PM,static,0.463269748,0.329042761,0.133568805,0.499778636,59,3,29.7137063,-95.2600348, , 
9/8/2017,12:27:41 PM,static,0.503962361,0.474989147,0.179627013,0.649481914,59,3,29.7136739,-95.2599993, , 
9/8/2017,1:36:51 PM,mobile,0.25041608,0.302507054,0.096722238,0.485959872,42,3,29.6794653,-95.1084776,29.6793670|29.6793818|29.6794070|29.6794208|29.6794490|29.6794662|29.6794848|29.6795047|29.6795283|29.6795438|29.6795652|,-95.1124845|-95.1117922|-95.1110148|-95.1102132|-95.1092410|-95.1084550|-95.1076667|-95.1068855|-95.1060673|-95.1051765|-95.1042567|
9/8/2017,2:00:33 PM,mobile,5.249347075,22.18385066,10.56805595,42.31535889,42,3,29.7345083,-95.0215299,29.7347283|29.7345262|29.7344178|29.7343608|,-95.0224022|-95.0217738|-95.0212018|-95.0207417|
9/8/2017,2:30:50 PM,mobile,5.76896044,16.39906664,4.393953094,15.23518745,72,2,29.7343175,-95.0202312,29.7344333|29.7343455|29.7342773|29.7342140|,-95.0213690|-95.0205833|-95.0198477|-95.0191247|
9/8/2017,2:47:44 PM,mobile,0.748118039,0.992435424,0.218776491,0.886704032,72,2,29.7340073,-95.0180555,29.7342152|29.7341457|29.7340105|29.7336580|,-95.0192485|-95.0185143|-95.0176835|-95.0167758|
9/8/2017,3:48:00 PM,static,0.350582512,0.421917734,0.172718282,0.891310286,41,2,29.7151079,-95.2558212, , 
9/8/2017,4:02:32 PM,mobile,0.550915376,0.756267636,0.241805595,1.091682366,41,2,29.7167206,-95.2574109,29.7152270|29.7154743|29.7157042|29.7157860|29.7157925|29.7157803|29.7157762|29.7157825|29.7157643|29.7157292|29.7157252|29.7157115|29.7157207|29.7158228|29.7161408|29.7163965|29.7164210|29.7164333|29.7164587|29.7164665|29.7164683|29.7164807|29.7164928|29.7165078|29.7165255|29.7165303|29.7165437|29.7165357|29.7165383|29.7165338|29.7166647|29.7169488|29.7172078|29.7172462|29.7172243|29.7172053|29.7171998|29.7172008|29.7172095|29.7172048|29.7171797|29.7171808|29.7171778|29.7171725|29.7171600|29.7171648|29.7171537|29.7171432|29.7171495|29.7173645|29.7177447|29.7178047|29.7178110|29.7178078|29.7178058|29.7178008|29.7178103|29.7178108|29.7176878|,-95.2558392|-95.2558498|-95.2558698|-95.2560513|-95.2563700|-95.2567390|-95.2571405|-95.2575565|-95.2579507|-95.2584572|-95.2589122|-95.2593542|-95.2596698|-95.2597533|-95.2597987|-95.2597665|-95.2594023|-95.2589903|-95.2585512|-95.2581470|-95.2579753|-95.2576840|-95.2572712|-95.2567418|-95.2563390|-95.2559790|-95.2556143|-95.2551655|-95.2546827|-95.2542005|-95.2538663|-95.2538650|-95.2538983|-95.2541205|-95.2544700|-95.2548833|-95.2554007|-95.2557955|-95.2559785|-95.2563595|-95.2568153|-95.2572812|-95.2577383|-95.2579770|-95.2583097|-95.2587297|-95.2591758|-95.2596010|-95.2598078|-95.2599347|-95.2599730|-95.2597708|-95.2595993|-95.2594352|-95.2591615|-95.2588098|-95.2584397|-95.2581480|-95.2580758|
9/8/2017,4:27:43 PM,mobile,0.729336833,1.531110267,0.43064425,2.367614921,41,2,29.7127681,-95.2626167,29.7096995|29.7100040|29.7102558|29.7105757|29.7108672|29.7111105|29.7113490|29.7115743|29.7117945|29.7120137|29.7123052|29.7125705|29.7127802|29.7130065|29.7132997|29.7136155|29.7139690|29.7142510|29.7145468|29.7148308|29.7151177|29.7154048|29.7156490|29.7158438|,-95.2542760|-95.2549237|-95.2556113|-95.2565007|-95.2572213|-95.2578843|-95.2585510|-95.2592015|-95.2598083|-95.2603997|-95.2612148|-95.2619472|-95.2627353|-95.2635317|-95.2643157|-95.2651003|-95.2660248|-95.2667938|-95.2675417|-95.2682852|-95.2690375|-95.2697875|-95.2705602|-95.2715478|
9/8/2017,5:14:15 PM,static,0.215983869,0.20167137,0.096722238,0.596509985,48,2,29.7175322,-95.273904, , 
9/8/2017,5:32:51 PM,static,0.28171809,0.220246364,0.195747386,0.63566315,29,3,29.7175108,-95.2739277, , 
9/8/2017,5:45:19 PM,mobile,1.126872359,1.515188843,0.426038429,2.199486624,29,3,29.69608,-95.2979458,29.6968243|29.6965298|29.6961498|29.6957595|29.6955330|29.6955958|29.6957260|29.6958493|29.6959807|29.6961398|29.6963232|29.6965487|,-95.2911700|-95.2922120|-95.2932683|-95.2944150|-95.2958982|-95.2971773|-95.2984603|-95.2997687|-95.3010727|-95.3024143|-95.3038620|-95.3056302|
9/8/2017,5:57:47 PM,mobile,0.704295225,0.833221185,0.27174343,1.091682366,29,3,29.6464768,-95.3875691,29.6489568|29.6483285|29.6478790|29.6474622|29.6470303|29.6466620|29.6462123|29.6457422|29.6453982|29.6450762|29.6447060|29.6442685|,-95.3876028|-95.3875912|-95.3875920|-95.3875897|-95.3875808|-95.3875777|-95.3875650|-95.3875522|-95.3875488|-95.3875492|-95.3875482|-95.3875318|
9/8/2017,7:07:27 PM,mobile,0.541524773,0.573171261,0.202656118,0.994951017,30,2,29.5745644,-95.4327603,29.5785357|29.5788983|29.5790443|29.5790513|29.5790552|29.5790623|29.5792010|29.5795005|29.5799038|29.5803507|29.5808343|29.5812815|29.5816157|29.5817018|29.5816975|29.5816835|29.5816848|29.5816853|29.5816873|29.5816868|29.5816867|29.5816877|29.5816912|29.5816948|29.5816972|29.5817008|29.5817023|29.5817008|29.5816940|29.5814660|29.5807775|29.5801033|29.5791725|29.5783065|29.5774017|29.5764523|29.5754688|29.5744833|29.5732913|29.5722942|29.5712945|29.5703115|29.5693243|29.5683457|29.5673792|29.5661988|29.5652063|29.5642177|29.5632303|29.5622380|29.5612612|29.5601242|29.5592022|29.5583165|29.5574648|29.5566675|29.5559425|29.5553760|,-95.4227520|-95.4235642|-95.4238807|-95.4238942|-95.4238927|-95.4238942|-95.4241520|-95.4247347|-95.4255047|-95.4263632|-95.4272952|-95.4282552|-95.4294742|-95.4303697|-95.4310337|-95.4313432|-95.4313648|-95.4313652|-95.4313682|-95.4313735|-95.4313822|-95.4313912|-95.4313933|-95.4313935|-95.4313888|-95.4313873|-95.4313855|-95.4313808|-95.4314457|-95.4317735|-95.4320203|-95.4322652|-95.4326237|-95.4329693|-95.4333487|-95.4337315|-95.4341228|-95.4345282|-95.4350015|-95.4353912|-95.4357735|-95.4361672|-95.4365500|-95.4369295|-95.4373147|-95.4377930|-95.4381815|-95.4385617|-95.4389525|-95.4393352|-95.4397363|-95.4401990|-95.4405643|-95.4409238|-95.4412655|-95.4416013|-95.4419283|-95.4421192|
9/8/2017,7:26:16 PM,mobile,0.854544873,1.13572824,0.327013281,1.508548417,30,2,29.5378181,-95.4605322,29.5491937|29.5484097|29.5476317|29.5468355|29.5460072|29.5451403|29.5440927|29.5431990|29.5423290|29.5414968|29.5407192|29.5399645|29.5390325|29.5382338|29.5374487|29.5367362|29.5362877|29.5361978|29.5361983|29.5361613|29.5361357|29.5361217|29.5360990|29.5360847|29.5360687|29.5360523|29.5360403|29.5360245|29.5360123|29.5359922|29.5359812|29.5359592|29.5359317|29.5359102|29.5358783|29.5358528|29.5358360|29.5358175|29.5357938|29.5357743|29.5357593|29.5357372|29.5357103|29.5356937|29.5356883|29.5356868|29.5356813|29.5356697|29.5356572|29.5356405|29.5356285|29.5355878|29.5355758|29.5356703|29.5358238|29.5358698|29.5358495|29.5358375|,-95.4445880|-95.4449052|-95.4452168|-95.4455412|-95.4458573|-95.4461857|-95.4466113|-95.4469792|-95.4473735|-95.4477173|-95.4480252|-95.4483217|-95.4486937|-95.4490072|-95.4493192|-95.4496005|-95.4498000|-95.4500082|-95.4503718|-95.4509668|-95.4516962|-95.4524988|-95.4533103|-95.4539145|-95.4545953|-95.4553083|-95.4561465|-95.4570308|-95.4579428|-95.4588518|-95.4597837|-95.4609197|-95.4620652|-95.4630473|-95.4640410|-95.4650243|-95.4660002|-95.4669645|-95.4681338|-95.4690997|-95.4700473|-95.4709603|-95.4717350|-95.4723380|-95.4726925|-95.4727472|-95.4730027|-95.4735672|-95.4742883|-95.4750745|-95.4759152|-95.4769662|-95.4778610|-95.4787378|-95.4796010|-95.4804775|-95.4813578|-95.4820338|
9/8/2017,7:44:52 PM,mobile,0.497701959,0.615628392,0.227988132,1.248295026,16,2,29.5338523,-95.4974017,29.5358133|29.5358028|29.5357900|29.5357778|29.5357633|29.5357443|29.5357330|29.5357212|29.5357013|29.5356842|29.5356682|29.5356658|29.5356647|29.5356647|29.5356542|29.5356368|29.5356308|29.5356062|29.5355248|29.5354500|29.5354012|29.5353720|29.5351792|29.5347515|29.5342513|29.5337352|29.5331613|29.5327742|29.5323585|29.5318912|29.5313617|29.5307923|29.5300935|29.5295073|29.5290753|29.5291330|29.5294172|29.5297647|29.5301213|29.5304453|29.5306963|29.5308312|29.5310745|29.5314940|29.5321537|29.5328212|29.5335387|29.5342785|29.5348150|29.5349632|29.5350752|29.5351907|29.5352745|29.5353142|29.5353298|29.5356030|29.5360770|29.5366208|,-95.4840160|-95.4846978|-95.4854390|-95.4861702|-95.4869167|-95.4878193|-95.4885897|-95.4894042|-95.4902350|-95.4910148|-95.4914898|-95.4916633|-95.4916707|-95.4918170|-95.4922828|-95.4929447|-95.4936702|-95.4946107|-95.4954265|-95.4962862|-95.4970952|-95.4976978|-95.4979822|-95.4980355|-95.4983272|-95.4987228|-95.4991653|-95.4994640|-95.4998148|-95.5002268|-95.5005947|-95.5009570|-95.5014015|-95.5017585|-95.5020817|-95.5023980|-95.5029397|-95.5036115|-95.5043062|-95.5049407|-95.5054720|-95.5056407|-95.5055352|-95.5051270|-95.5045132|-95.5039618|-95.5034077|-95.5029353|-95.5024677|-95.5017527|-95.5009365|-95.5001177|-95.4993433|-95.4986398|-95.4980935|-95.4978543|-95.4978857|-95.4979272|
9/8/2017,8:02:09 PM,mobile,0.544654974,0.655431951,0.200353207,0.921250942,16,2,29.580172,-95.5056854,29.5798952|29.5799072|29.5799152|29.5799278|29.5799353|29.5799393|29.5799385|29.5799380|29.5799398|29.5799383|29.5799375|29.5799402|29.5799453|29.5799480|29.5799467|29.5799555|29.5799658|29.5799777|29.5799900|29.5800112|29.5800300|29.5800598|29.5800937|29.5801222|29.5801367|29.5801460|29.5801593|29.5801903|29.5801993|29.5802015|29.5802082|29.5802153|29.5802288|29.5802418|29.5802427|29.5802480|29.5802627|29.5802803|29.5802978|29.5803153|29.5803318|29.5803148|29.5802410|29.5802167|29.5802183|29.5802272|29.5802512|29.5803305|29.5804518|29.5804950|29.5805107|29.5805345|29.5805472|29.5805695|29.5805737|29.5805987|29.5806185|,-95.5205800|-95.5199060|-95.5192383|-95.5187062|-95.5186107|-95.5186017|-95.5185677|-95.5185673|-95.5185682|-95.5185665|-95.5185505|-95.5185473|-95.5185450|-95.5185415|-95.5183938|-95.5178797|-95.5171477|-95.5162863|-95.5153557|-95.5142280|-95.5133028|-95.5123843|-95.5114597|-95.5105448|-95.5096282|-95.5085760|-95.5078343|-95.5074795|-95.5072375|-95.5070512|-95.5067072|-95.5060908|-95.5052032|-95.5043602|-95.5035083|-95.5026400|-95.5016970|-95.5007050|-95.4994748|-95.4984263|-95.4973860|-95.4963643|-95.4954230|-95.4946298|-95.4937498|-95.4930672|-95.4923400|-95.4915512|-95.4907155|-95.4898620|-95.4889765|-95.4879063|-95.4869802|-95.4858223|-95.4848275|-95.4838602|-95.4829095|
9/8/2017,8:37:06 PM,mobile,0.569696582,0.902214022,0.276349251,1.333510739,11,2,29.5740922,-95.4391409,29.5548342|29.5553713|29.5560773|29.5568475|29.5579617|29.5587752|29.5596018|29.5604397|29.5612750|29.5621263|29.5631682|29.5640467|29.5649415|29.5658213|29.5666678|29.5675273|29.5685865|29.5694935|29.5703992|29.5712972|29.5722022|29.5731185|29.5740412|29.5749397|29.5759948|29.5768413|29.5776535|29.5784643|29.5792388|29.5799798|29.5807800|29.5811837|29.5812642|29.5812963|29.5815492|29.5817290|29.5817325|29.5816752|29.5816302|29.5816318|29.5816085|29.5815775|29.5815655|29.5815458|29.5815168|29.5815008|29.5814695|29.5814272|29.5813900|29.5813512|29.5813125|29.5812970|29.5812757|29.5812378|29.5812237|29.5812093|29.5812132|29.5814207|,-95.4422672|-95.4420480|-95.4417705|-95.4414598|-95.4410240|-95.4407088|-95.4403802|-95.4400435|-95.4397035|-95.4393573|-95.4389553|-95.4386040|-95.4382467|-95.4379145|-95.4375707|-95.4372262|-95.4368110|-95.4364543|-95.4360975|-95.4357242|-95.4353657|-95.4350105|-95.4346445|-95.4342798|-95.4338602|-95.4335243|-95.4331962|-95.4328763|-95.4325710|-95.4322797|-95.4319592|-95.4318292|-95.4317950|-95.4317820|-95.4317100|-95.4319745|-95.4325103|-95.4334512|-95.4343630|-95.4353480|-95.4363758|-95.4374005|-95.4384153|-95.4394505|-95.4407158|-95.4417865|-95.4428723|-95.4441822|-95.4452918|-95.4464182|-95.4477573|-95.4488478|-95.4499338|-95.4510158|-95.4520485|-95.4530657|-95.4538312|-95.4540633|
9/8/2017,8:59:37 PM,mobile,0.535264371,0.942017582,0.27174343,1.407210814,11,2,29.5847776,-95.4338057,29.5816043|29.5816328|29.5816408|29.5816310|29.5816333|29.5816342|29.5816403|29.5816352|29.5816333|29.5816333|29.5816343|29.5816332|29.5816320|29.5816318|29.5816320|29.5816353|29.5816355|29.5816340|29.5816902|29.5820698|29.5828515|29.5834720|29.5840610|29.5846677|29.5853358|29.5860213|29.5869083|29.5876747|29.5880930|29.5881782|29.5881665|29.5881545|29.5881372|29.5881295|29.5881153|29.5881008|29.5880838|29.5880727|29.5880605|29.5880548|29.5880430|29.5880562|29.5880548|29.5880268|29.5880397|29.5880615|,-95.4331008|-95.4324972|-95.4321758|-95.4321375|-95.4321342|-95.4320925|-95.4319753|-95.4319488|-95.4319478|-95.4319470|-95.4319472|-95.4319480|-95.4319465|-95.4319445|-95.4319467|-95.4319458|-95.4319465|-95.4318997|-95.4316067|-95.4314102|-95.4311170|-95.4309763|-95.4309632|-95.4309553|-95.4308312|-95.4305660|-95.4302212|-95.4299438|-95.4299092|-95.4303840|-95.4312007|-95.4321537|-95.4333413|-95.4343997|-95.4355140|-95.4366202|-95.4377335|-95.4388572|-95.4399085|-95.4407465|-95.4413820|-95.4417525|-95.4417577|-95.4416982|-95.4411935|-95.4404355|
9/8/2017,9:15:18 PM,mobile,0.413186532,0.748306924,0.223382311,1.107804258,11,2,29.5838177,-95.4393794,29.5875460|29.5874497|29.5871852|29.5868522|29.5865517|29.5862280|29.5859177|29.5855200|29.5850710|29.5845927|29.5840805|29.5835462|29.5829682|29.5823908|29.5818560|29.5815438|29.5814805|29.5814958|29.5815150|29.5815352|29.5815552|29.5815743|29.5815870|29.5815817|,-95.4401637|-95.4401468|-95.4401223|-95.4401278|-95.4401967|-95.4404177|-95.4405093|-95.4405108|-95.4405108|-95.4404998|-95.4404912|-95.4404753|-95.4404670|-95.4404680|-95.4404712|-95.4404512|-95.4400997|-95.4394890|-95.4387368|-95.4379130|-95.4370592|-95.4361618|-95.4352525|-95.4343630|
9/8/2017,9:47:00 PM,mobile,0.698034823,1.326785327,0.370768579,1.727345516,11,2,29.7162706,-95.2562347,29.7153275|29.7156485|29.7160672|29.7164038|29.7164997|29.7165138|29.7165265|29.7165487|29.7168318|29.7171853|29.7172390|29.7172267|29.7172213|29.7172097|29.7172053|29.7172038|29.7171845|29.7171788|29.7171685|29.7171088|29.7168200|29.7163277|29.7159292|29.7157458|29.7154198|29.7151318|29.7150708|29.7150793|29.7150950|29.7151045|29.7151003|29.7152655|29.7155730|29.7159240|29.7163840|,-95.2559018|-95.2559080|-95.2559162|-95.2559233|-95.2557187|-95.2552478|-95.2546625|-95.2540752|-95.2538853|-95.2539000|-95.2541615|-95.2546368|-95.2551448|-95.2556302|-95.2558670|-95.2562682|-95.2568085|-95.2573672|-95.2578500|-95.2579998|-95.2579985|-95.2579815|-95.2579602|-95.2579728|-95.2579632|-95.2579532|-95.2577147|-95.2571898|-95.2567228|-95.2562642|-95.2559833|-95.2558847|-95.2558967|-95.2559115|-95.2559443|
9/9/2017,10:33:24 AM,mobile,0.334931507,0.398035598,0.308589997,1.67207046,24,5,29.8799136,-93.9365868,29.8731723|29.8732823|29.8734477|29.8735233|29.8737977|29.8741298|29.8745362|29.8749860|29.8754848|29.8759570|29.8765220|29.8769933|29.8774710|29.8779453|29.8783932|29.8787407|29.8788007|29.8788245|29.8789755|29.8792640|29.8795723|29.8799240|29.8802853|29.8807070|29.8808627|29.8811403|29.8814905|29.8818340|29.8820270|29.8820298|29.8820303|29.8820248|29.8820247|29.8821887|29.8824873|29.8829100|29.8833070|29.8837242|29.8841367|29.8845400|29.8849228|29.8852268|29.8852525|29.8853768|29.8856840|29.8860692|,-93.9372277|-93.9373875|-93.9376168|-93.9376845|-93.9374093|-93.9370295|-93.9366072|-93.9361595|-93.9356975|-93.9352390|-93.9346985|-93.9342405|-93.9337873|-93.9333328|-93.9329122|-93.9325922|-93.9325168|-93.9325177|-93.9325188|-93.9328850|-93.9333342|-93.9338175|-93.9343240|-93.9349040|-93.9351192|-93.9355115|-93.9360075|-93.9364885|-93.9367637|-93.9367757|-93.9367797|-93.9367800|-93.9367835|-93.9370025|-93.9374367|-93.9380275|-93.9385902|-93.9391600|-93.9397468|-93.9403117|-93.9408555|-93.9412475|-93.9413040|-93.9414910|-93.9419200|-93.9424513|
9/9/2017,10:53:24 AM,mobile,1.017315325,2.409442153,0.495125742,1.646736059,24,5,29.8723124,-93.97152,29.8782670|29.8779542|29.8774903|29.8769517|29.8763158|29.8755070|29.8748513|29.8742357|29.8736585|29.8731027|29.8725945|29.8719753|29.8714592|29.8709703|29.8705060|29.8700343|29.8695837|29.8690362|29.8685813|29.8681468|29.8677003|29.8672967|29.8669668|,-93.9799728|-93.9795128|-93.9788653|-93.9780495|-93.9771425|-93.9759878|-93.9750702|-93.9742130|-93.9733828|-93.9726005|-93.9718655|-93.9710278|-93.9703580|-93.9696975|-93.9690290|-93.9683663|-93.9677258|-93.9669632|-93.9663228|-93.9656593|-93.9650363|-93.9643872|-93.9637235|
9/9/2017,11:09:03 AM,mobile,0.334931507,0.742999783,0.251017237,1.126229277,24,5,29.8741956,-93.9519121,29.8671555|29.8673253|29.8675302|29.8677050|29.8679033|29.8681480|29.8682482|29.8682588|29.8682643|29.8683402|29.8686813|29.8691877|29.8697368|29.8703197|29.8709952|29.8715773|29.8721318|29.8726127|29.8730895|29.8735598|29.8741255|29.8745883|29.8750782|29.8756057|29.8761180|29.8764007|29.8764428|29.8764348|29.8764338|29.8764210|29.8764318|29.8764472|29.8764688|29.8766260|29.8770460|29.8775947|29.8781795|29.8788093|29.8793733|29.8796437|29.8798542|29.8803188|29.8810008|29.8816270|29.8822580|29.8828983|,-93.9611718|-93.9604798|-93.9594980|-93.9586572|-93.9579287|-93.9574780|-93.9573457|-93.9573438|-93.9573418|-93.9572543|-93.9569063|-93.9564290|-93.9559018|-93.9553502|-93.9546848|-93.9541615|-93.9536587|-93.9532115|-93.9527928|-93.9523540|-93.9518205|-93.9513640|-93.9509093|-93.9504130|-93.9499382|-93.9496837|-93.9496587|-93.9496585|-93.9496570|-93.9496437|-93.9496343|-93.9496303|-93.9496182|-93.9494247|-93.9490145|-93.9485243|-93.9479875|-93.9473962|-93.9468695|-93.9466287|-93.9464285|-93.9460132|-93.9453835|-93.9448155|-93.9442325|-93.9436590|
9/9/2017,11:27:03 AM,mobile,0.973492511,0.347617756,0.131265894,0.502081763,24,5,29.8548604,-93.9702668,29.8663737|29.8660243|29.8655670|29.8650783|29.8645843|29.8640882|29.8635997|29.8631170|29.8625072|29.8619873|29.8614615|29.8609317|29.8603947|29.8598512|29.8592945|29.8587435|29.8582177|29.8577107|29.8571165|29.8566152|29.8560858|29.8555790|29.8551033|29.8545865|29.8540505|29.8535857|29.8531583|29.8527100|29.8521713|29.8516038|29.8510417|29.8505693|29.8500458|29.8495205|29.8490588|29.8485958|29.8480122|29.8475020|29.8469573|29.8463920|29.8458617|29.8455578|29.8455177|29.8455162|29.8454702|29.8454600|29.8454627|,-93.9633508|-93.9637130|-93.9640662|-93.9644195|-93.9648223|-93.9652308|-93.9656315|-93.9660407|-93.9665472|-93.9669875|-93.9674188|-93.9678500|-93.9682835|-93.9687148|-93.9691667|-93.9696227|-93.9700370|-93.9704383|-93.9709147|-93.9713087|-93.9717103|-93.9721177|-93.9725007|-93.9727877|-93.9729862|-93.9731420|-93.9732722|-93.9733158|-93.9732610|-93.9731713|-93.9730927|-93.9730187|-93.9729363|-93.9728360|-93.9727347|-93.9726245|-93.9724883|-93.9723655|-93.9722238|-93.9720893|-93.9719575|-93.9719042|-93.9718915|-93.9718958|-93.9718907|-93.9718820|-93.9718790|
9/9/2017,11:43:01 AM,static,77.14693381,9.035408075,1.630460582,7.998761304,22,5,29.826849,-93.9654656, , 
9/9/2017,11:57:16 AM,mobile,0.269197286,0.180442804,0.087510596,0.336256594,22,5,29.833241,-93.968295,29.8297812|29.8303160|29.8309420|29.8316328|29.8323598|29.8330528|29.8336982|29.8342997|29.8348672|29.8355030|29.8359895|29.8364500|,-93.9667792|-93.9670750|-93.9673803|-93.9676748|-93.9679850|-93.9682708|-93.9685417|-93.9687793|-93.9689947|-93.9692115|-93.9693507|-93.9694970|
9/9/2017,12:17:07 PM,static,62.33482269,13.32623182,1.464651031,9.129596835,22,5,29.8267822,-93.9654704, , 
9/9/2017,12:31:20 PM,mobile,0.359973115,0.360885609,0.154294999,0.741607008,19,5,29.8829626,-93.9371134,29.8775598|29.8776968|29.8779248|29.8782013|29.8783268|29.8786133|29.8788960|29.8791933|29.8795550|29.8799187|29.8802980|29.8807030|29.8808370|29.8811122|29.8814597|29.8818035|29.8820012|29.8820683|29.8823768|29.8827232|29.8831227|29.8835295|29.8839332|29.8842928|29.8847650|29.8851087|29.8852408|29.8852612|29.8854700|29.8858390|29.8863915|29.8867813|29.8867228|29.8865123|29.8863215|29.8861775|29.8859035|29.8856808|29.8855877|29.8852745|29.8849488|29.8847452|29.8845293|29.8842958|29.8841215|29.8838318|29.8835838|,-93.9304690|-93.9306503|-93.9309745|-93.9313898|-93.9315603|-93.9319842|-93.9323817|-93.9328088|-93.9332863|-93.9338148|-93.9343422|-93.9349132|-93.9351032|-93.9354955|-93.9359842|-93.9364677|-93.9367643|-93.9368535|-93.9372843|-93.9377915|-93.9383397|-93.9389042|-93.9394650|-93.9400033|-93.9406267|-93.9410803|-93.9412783|-93.9413087|-93.9411838|-93.9408293|-93.9403260|-93.9399645|-93.9397103|-93.9394060|-93.9391497|-93.9389437|-93.9385625|-93.9382797|-93.9382778|-93.9385470|-93.9388650|-93.9387998|-93.9384815|-93.9381827|-93.9382368|-93.9385090|-93.9387483|
9/9/2017,1:29:25 PM,mobile,0.331801306,0.302507054,0.151992088,0.723181989,19,5,29.8864744,-93.9416028,29.8872535|29.8873890|29.8872768|29.8870658|29.8868258|29.8866818|29.8864740|29.8862402|29.8860872|29.8857963|29.8854613|29.8854730|29.8857785|29.8859887|29.8862242|29.8865147|29.8866967|29.8865728|29.8863202|29.8861560|29.8859550|29.8856368|29.8854390|29.8855008|29.8857903|29.8860252|29.8861442|29.8862577|29.8864615|29.8866200|29.8867622|29.8869373|29.8871665|29.8873802|29.8874897|29.8874180|29.8873207|29.8872212|29.8870582|29.8869250|29.8867817|29.8865913|29.8863567|29.8861510|29.8860068|29.8861690|29.8864540|,-93.9422780|-93.9424222|-93.9424183|-93.9421083|-93.9417690|-93.9415555|-93.9412607|-93.9409173|-93.9408320|-93.9410832|-93.9413937|-93.9416252|-93.9420150|-93.9422398|-93.9420427|-93.9417710|-93.9415467|-93.9413628|-93.9410083|-93.9408095|-93.9409042|-93.9411845|-93.9413788|-93.9416280|-93.9420448|-93.9421985|-93.9420833|-93.9420003|-93.9418183|-93.9416438|-93.9414775|-93.9412975|-93.9410843|-93.9408588|-93.9408522|-93.9408975|-93.9409610|-93.9410505|-93.9412070|-93.9413563|-93.9415015|-93.9416918|-93.9418823|-93.9420822|-93.9422392|-93.9425668|-93.9429823|
9/9/2017,1:46:43 PM,mobile,0.472660351,0.416610593,0.112842611,0.54814431,18,5,29.9546557,-93.8939312,29.9484938|29.9490322|29.9495622|29.9500300|29.9505230|29.9510550|29.9515983|29.9521430|29.9528195|29.9533585|29.9538825|29.9544223|29.9549480|29.9554828|29.9560167|29.9565645|29.9570977|29.9577068|29.9582143|29.9587290|29.9592398|29.9598152|29.9602753|29.9607255|,-93.8859060|-93.8863210|-93.8867995|-93.8873997|-93.8880972|-93.8888413|-93.8896032|-93.8903652|-93.8912835|-93.8920223|-93.8927742|-93.8935357|-93.8942750|-93.8950227|-93.8957845|-93.8965585|-93.8973228|-93.8981780|-93.8988913|-93.8996207|-93.9003335|-93.9011543|-93.9018068|-93.9024518|
9/9/2017,2:02:17 PM,mobile,0.269197286,0.376807033,0.218776491,1.22756688,18,5,29.9650875,-93.9482523,29.9755853|29.9755135|29.9754358|29.9753468|29.9752425|29.9751598|29.9750582|29.9749653|29.9748818|29.9747928|29.9747092|29.9746138|29.9745303|29.9744463|29.9742105|29.9737393|29.9730865|29.9723132|29.9714663|29.9705810|29.9696857|29.9687742|29.9676787|29.9667833|29.9659203|29.9650838|29.9642393|29.9633767|29.9625447|29.9615725|29.9607728|29.9599660|29.9591485|29.9583173|29.9574748|29.9566275|29.9557645|29.9549148|29.9540837|29.9530763|29.9522312|29.9513553|29.9504785|29.9496132|29.9487683|29.9479552|29.9472255|,-93.9554102|-93.9548242|-93.9542358|-93.9535712|-93.9527712|-93.9520468|-93.9512575|-93.9504115|-93.9495073|-93.9486040|-93.9476982|-93.9467663|-93.9458582|-93.9450763|-93.9450287|-93.9451052|-93.9452068|-93.9453348|-93.9454762|-93.9456215|-93.9457703|-93.9459235|-93.9461038|-93.9462513|-93.9464040|-93.9465728|-93.9467233|-93.9468682|-93.9470128|-93.9471588|-93.9472888|-93.9474220|-93.9475557|-93.9476980|-93.9478383|-93.9479845|-93.9481265|-93.9482640|-93.9484005|-93.9485640|-93.9487125|-93.9488650|-93.9490102|-93.9491695|-93.9493123|-93.9494550|-93.9495890|
9/9/2017,2:24:30 PM,mobile,0.21911407,0.199017799,0.101328059,0.449109834,18,5,29.891418,-93.9812883,29.9048102|29.9039823|29.9031087|29.9020577|29.9011875|29.9003263|29.8994965|29.8986940|29.8979138|29.8969828|29.8962197|29.8954485|29.8946757|29.8939102|29.8931552|29.8922857|29.8915465|29.8907622|29.8899592|29.8891138|29.8882583|29.8873705|29.8862907|29.8853907|29.8845512|29.8838498|29.8832643|29.8827345|29.8822878|29.8822512|29.8826850|29.8833223|29.8838273|29.8839828|29.8839272|,-93.9683215|-93.9690928|-93.9698998|-93.9708737|-93.9716825|-93.9724780|-93.9732517|-93.9739997|-93.9747235|-93.9755788|-93.9762990|-93.9770102|-93.9777392|-93.9784617|-93.9791635|-93.9799683|-93.9806588|-93.9813828|-93.9821125|-93.9828695|-93.9836730|-93.9844963|-93.9855190|-93.9863590|-93.9871567|-93.9878952|-93.9886140|-93.9893573|-93.9901505|-93.9911227|-93.9916487|-93.9917250|-93.9913073|-93.9906427|-93.9898563|
9/9/2017,2:40:58 PM,mobile,0.228504673,0.217592794,0.099025148,0.386925396,12,5,29.8862224,-93.996028,29.8776792|29.8784017|29.8791355|29.8800045|29.8807313|29.8814462|29.8821543|29.8828405|29.8834063|29.8838755|29.8840642|29.8842097|29.8843803|29.8845290|29.8846637|29.8848543|29.8850462|29.8852035|29.8853208|29.8854065|29.8855217|29.8856482|29.8859102|29.8865640|29.8873387|29.8882212|29.8892107|29.8904550|29.8914973|29.8925195|29.8935150|29.8945080|29.8955132|29.8965230|29.8974858|,-93.9789452|-93.9799865|-93.9810493|-93.9823042|-93.9833468|-93.9843995|-93.9854147|-93.9864237|-93.9875047|-93.9888968|-93.9901370|-93.9913785|-93.9926493|-93.9938937|-93.9950963|-93.9965365|-93.9977735|-93.9990262|-94.0002783|-94.0013535|-94.0023582|-94.0033997|-94.0044388|-94.0047688|-94.0044903|-94.0041453|-94.0037570|-94.0033565|-94.0033310|-94.0036460|-94.0041523|-94.0047488|-94.0053770|-94.0060095|-94.0066075|
